Gene Name,Solyc ID,Solyc_clean,Function/Family,Description,Notes,Original_Solyc_ID,Signature_Class,Confidence,Source_Table,Marker_Aliases,Marker_Category,Priority,Evidence_for_marker_use,Reference_source,ID_Status,Merge_Status,Additional_Notes,Original_Gene_Symbol,Ambiguity_Group,Ambiguity_Version,Panel_Tags
AACS1,Solyc07g043630,Solyc07g043630,Acyl-activating enzyme,Acyl-CoA synthetase for acylsugars,Curated literature-backed Solyc ID updated,Solyc11g067180,Type_IV_like_core,high,curated_base,,metabolic_output_panel; lfs_specialized_metabolism_panel,,Acylsugar/specialized-metabolism readout; several acylsugar genes are downregulated after LFS perturbation and/or co-expressed with LFS.,Mandal 2025 New Phytologist; prior acylsugar literature,,base_row,Interpret as downstream metabolic output rather than primary cell-fate marker.,,,,lfs_specialized_metabolism_panel
ABC Transporter,Solyc03g005860,Solyc03g005860,ABC Transporter,Transport of specialized metabolites,,,Type_IV_like_support,medium,curated_base,,metabolic_output_panel; lfs_specialized_metabolism_panel,,Acylsugar/specialized-metabolism readout; several acylsugar genes are downregulated after LFS perturbation and/or co-expressed with LFS.,Mandal 2025 New Phytologist; prior acylsugar literature,,base_row,Interpret as downstream metabolic output rather than primary cell-fate marker.,,,,lfs_specialized_metabolism_panel
AECH1,Solyc07g043680,Solyc07g043680,Enoyl-CoA hydratase,Medium-chain acylsugar pathway enzyme,Added from literature-backed type IV-like acylsugar signature,,Type_IV_like_core,high,curated_base,,metabolic_output_panel; lfs_specialized_metabolism_panel,,Acylsugar/specialized-metabolism readout; several acylsugar genes are downregulated after LFS perturbation and/or co-expressed with LFS.,Mandal 2025 New Phytologist; prior acylsugar literature,,base_row,Interpret as downstream metabolic output rather than primary cell-fate marker.,,,,
AP2c,Solyc02g093150,Solyc02g093150,AP2/ERF Transcription Factor,"Pathogenesis-related transcriptional factor and ERF, DNA-binding",,,,,curated_base,,,,,,,base_row,,,,,phase_change_ap2_spl_panel
ASAT1,Solyc12g006330,Solyc12g006330,Acylsugar Acyltransferase 1,Initial step in acylsugar biosynthesis,,,Type_IV_like_core,high,curated_base + marker_signature_table,SlASAT1,acylsugar_biosynthesis,Medium,Acylsugar-pathway support marker; less clean as type identity marker than ASAT3/ASAT4,Previous literature table; ASAT family annotation,confirmed_from_previous_table,overlap_merged,"signature: Type I/IV_acylsugar_support || marker_category: acylsugar_biosynthesis || priority: Medium || evidence: Acylsugar-pathway support marker; less clean as type identity marker than ASAT3/ASAT4 || reference: Previous literature table; ASAT family annotation || id_status: confirmed_from_previous_table || Shared Solyc ID with other table rows: ASAT1, SlASAT1. Treat aliases/conflicts cautiously.",,,,
ASAT2,Solyc04g012020,Solyc04g012020,Acylsugar Acyltransferase 2,Secondary step in acylsugar biosynthesis,Curated literature-backed Solyc ID updated,Solyc01g105580,Type_IV_like_core,high,curated_base + marker_signature_table,SlASAT2,metabolic_output_panel; lfs_specialized_metabolism_panel,Medium,Acylsugar-pathway support marker; less clean as type identity marker than ASAT3/ASAT4 || Acylsugar/specialized-metabolism readout; several acylsugar genes are downregulated after LFS perturbation and/or co-expressed with LFS.,Previous literature table; ASAT family annotation || Mandal 2025 New Phytologist; prior acylsugar literature,confirmed_from_previous_table,overlap_merged,"signature: Type I/IV_acylsugar_support || marker_category: acylsugar_biosynthesis || priority: Medium || evidence: Acylsugar-pathway support marker; less clean as type identity marker than ASAT3/ASAT4 || reference: Previous literature table; ASAT family annotation || id_status: confirmed_from_previous_table || Shared Solyc ID with other table rows: ASAT2, SlASAT2. Treat aliases/conflicts cautiously. || Interpret as downstream metabolic output rather than primary cell-fate marker.",,,,lfs_specialized_metabolism_panel
ASAT3,Solyc11g067270,Solyc11g067270,Acylsugar Acyltransferase 3,Branching step in acylsugar biosynthesis,,,Type_IV_like_core,high,curated_base + marker_signature_table,SlASAT3,metabolic_output_panel; lfs_specialized_metabolism_panel,High,Acylsucrose acyltransferase; reporter/promoter expression in type I and IV glandular trichomes; strong capitate acylsugar marker || Acylsugar/specialized-metabolism readout; several acylsugar genes are downregulated after LFS perturbation and/or co-expressed with LFS.,Kortbeek et al. 2016; Schilmiller et al. 2015 || Mandal 2025 New Phytologist; prior acylsugar literature,confirmed_from_previous_table,overlap_merged,"signature: Type I/IV || marker_category: acylsugar_biosynthesis || priority: High || evidence: Acylsucrose acyltransferase; reporter/promoter expression in type I and IV glandular trichomes; strong capitate acylsugar marker || reference: Kortbeek et al. 2016; Schilmiller et al. 2015 || id_status: confirmed_from_previous_table || Shared Solyc ID with other table rows: ASAT3, SlASAT3. Treat aliases/conflicts cautiously. || Interpret as downstream metabolic output rather than primary cell-fate marker.",,,,lfs_specialized_metabolism_panel
ASAT4,Solyc01g105580,Solyc01g105580,Acylsugar Acyltransferase 4,Final step in acylsugar biosynthesis,Curated literature-backed Solyc ID updated,Solyc07g043670,Type_IV_like_core,high,curated_base + marker_signature_table,SlASAT4/SlAT2,acylsugar_biosynthesis,High,Acylsucrose acyltransferase; reporter/promoter expression in type I and IV glandular trichomes; strong capitate acylsugar marker,Kortbeek et al. 2016; Schilmiller et al. 2012,confirmed_from_previous_table,overlap_merged,"signature: Type I/IV || marker_category: acylsugar_biosynthesis || priority: High || evidence: Acylsucrose acyltransferase; reporter/promoter expression in type I and IV glandular trichomes; strong capitate acylsugar marker || reference: Kortbeek et al. 2016; Schilmiller et al. 2012 || id_status: confirmed_from_previous_table || Shared Solyc ID with other table rows: ASAT4, SlASAT4/SlAT2. Treat aliases/conflicts cautiously.",,,,
CD2,Solyc01g091630,Solyc01g091630,HD-ZIP_IV_TF,Type VI/broad_epidermal_development,Cuticle/epidermal regulator positively impacting type VI density; also listed as characterized trichome development gene,Solyc01g091630,Type_VI_like_regulatory,medium,updated_all_marker_table,,HD-ZIP_IV_TF,Medium,Cuticle/epidermal regulator positively impacting type VI density; also listed as characterized trichome development gene,Zocca et al. 2025; Galdon-Armero 2018,confirmed,new_updated_all_table,Cuticle/epidermal regulator positively impacting type VI density; also listed as characterized trichome development gene,CD2,,,atlas_epidermis_context_panel
CKX1,Solyc10g079870,Solyc10g079870,cytokinin_oxidase_dehydrogenase,Basal_cell_expansion/cytokinin_module,Upregulated in cr-slbrc2a trichomes; CKX misexpression reduces basal trichome cell expansion and nuclear size; useful cytokinin/endoreduplication marker.,Solyc10g079870,Candidate_marker_uncategorized,medium,updated_all_marker_table,,cytokinin_oxidase_dehydrogenase,Medium,Upregulated in cr-slbrc2a trichomes; CKX misexpression reduces basal trichome cell expansion and nuclear size; useful cytokinin/endoreduplication marker.,Wu et al. 2024,confirmed,new_updated_all_table,Upregulated in cr-slbrc2a trichomes; CKX misexpression reduces basal trichome cell expansion and nuclear size; useful cytokinin/endoreduplication marker.,CKX1,,,wo_brc2a_morphogenesis_panel
CKX3,Solyc12g008900,Solyc12g008900,cytokinin_oxidase_dehydrogenase,Basal_cell_expansion/cytokinin_module,Upregulated in cr-slbrc2a trichomes; part of cytokinin degradation module linked to basal-cell expansion.,Solyc12g008900,Candidate_marker_uncategorized,medium,updated_all_marker_table,,cytokinin_oxidase_dehydrogenase,Medium,Upregulated in cr-slbrc2a trichomes; part of cytokinin degradation module linked to basal-cell expansion.,Wu et al. 2024,confirmed,new_updated_all_table,Upregulated in cr-slbrc2a trichomes; part of cytokinin degradation module linked to basal-cell expansion.,CKX3,,,wo_brc2a_morphogenesis_panel
CLV3,Solyc11g071380,Solyc11g071380,CLE Peptide,Stem cell maintenance and patterning,,,,,curated_base,,,,,,,base_row,,,,,
CNR/SlSBP-CNR,Solyc02g077920,Solyc02g077920,SBP/SPL_transcription_factor,miR156_SPL_developmental_timing_context,Tomato SBP gene and confirmed miR156/157 target; belongs to the SPL3/4/5-like functional context but is better known for fruit ripening/development than trichome specificity; include as secondary SPL-module marker,Solyc02g077920,General_trichome_development,medium,updated_all_marker_table,,SBP/SPL_transcription_factor,Medium,Tomato SBP gene and confirmed miR156/157 target; belongs to the SPL3/4/5-like functional context but is better known for fruit ripening/development than trichome specificity; include as secondary SPL-module marker,Poethig and Fouracre 2024; Silva et al. 2014; Karlova et al. 2013,confirmed,new_updated_all_table,Tomato SBP gene and confirmed miR156/157 target; belongs to the SPL3/4/5-like functional context but is better known for fruit ripening/development than trichome specificity; include as secondary SPL-module marker,CNR/SlSBP-CNR,,,phase_change_ap2_spl_panel
DT1,Solyc09g014980,Solyc09g014980,SCAR/WAVE_complex_related,Broad_trichome_development,Differentially expressed in glandless isolated stem trichomes; possible cytoskeletal/developmental context marker,Solyc09g014980,General_trichome_development,low,updated_all_marker_table,,SCAR/WAVE_complex_related,Low,Differentially expressed in glandless isolated stem trichomes; possible cytoskeletal/developmental context marker,Zocca et al. 2025,confirmed,new_updated_all_table,Differentially expressed in glandless isolated stem trichomes; possible cytoskeletal/developmental context marker,DT1,,,
DWARF,Solyc02g089160,Solyc02g089160,brassinosteroid_related,Broad_trichome_development,Listed as characterized trichome development gene; useful hormonal/developmental control marker,Solyc02g089160,General_trichome_development,low,updated_all_marker_table,,brassinosteroid_related,Low,Listed as characterized trichome development gene; useful hormonal/developmental control marker,Galdon-Armero 2018,confirmed,new_updated_all_table,Listed as characterized trichome development gene; useful hormonal/developmental control marker,DWARF,,,
ELIP1,Solyc09g082690,Solyc09g082690,light/photosynthetic_GT_marker,Type VI,"Candidate type VI-associated promoter/GT marker in Brand-Duran; useful as photosynthetic glandular-trichome context marker, not cleanly type-specific alone",Solyc09g082690,Type_VI_like_metabolic,medium_low,updated_all_marker_table,,light/photosynthetic_GT_marker,Medium_low,"Candidate type VI-associated promoter/GT marker in Brand-Duran; useful as photosynthetic glandular-trichome context marker, not cleanly type-specific alone",Brand-Duran 2024,confirmed,new_updated_all_table,"Candidate type VI-associated promoter/GT marker in Brand-Duran; useful as photosynthetic glandular-trichome context marker, not cleanly type-specific alone",ELIP1,,,
GCR1,Solyc12g009020,Solyc12g009020,Transcription Factor,Glandless-Related 1, repressor of gland formation,,General_gland_regulator,medium,curated_base,,,,,,,base_row,,,,,gland_fate_switch_panel
GCR2 version A,Solyc03g006150,Solyc03g006150,MYB-like transcription factor,Gland cell repressor / gland fate switch component,Redundant with GCR1 as a gland-cell repressor; gcr1/gcr2 double mutants strongly promote gland formation and supernumerary glands. || One GCR2 row; verify duplicate GCR2 IDs when interpreting. || Second GCR2 row; kept because table already carries duplicate GCR2 IDs; verify exact paralog before strong claims.,Solyc03g006150,GCR_TOE_LFS_gland_fate_switch,medium,literature_expansion,GCR2; SlGCR2 candidate A; Solyc03g006150,gland_fate_switch_panel,Medium,Redundant with GCR1 as a gland-cell repressor; gcr1/gcr2 double mutants strongly promote gland formation and supernumerary glands. || One GCR2 row; verify duplicate GCR2 IDs when interpreting. || Second GCR2 row; kept because table already carries duplicate GCR2 IDs; verify exact paralog before strong claims.,Chang et al. 2024 || Chang 2024 Nature; Mandal 2025 New Phytologist,confirmed_from_literature,literature_expanded,Redundant with GCR1 as a gland-cell repressor; gcr1/gcr2 double mutants strongly promote gland formation and supernumerary glands. || GCR2 duplicate/paralog row split into version A; verify exact nomenclature before strong claims.,,GCR2,A,gland_fate_switch_panel
GCR2 version B,Solyc12g009030,Solyc12g009030,MYB-like transcription factor,Gland cell repressor / gland fate switch component,repressor of gland formation || One GCR2 row; verify duplicate GCR2 IDs when interpreting. || Second GCR2 row; kept because table already carries duplicate GCR2 IDs; verify exact paralog before strong claims.,,GCR_TOE_LFS_gland_fate_switch,medium,literature_expansion,GCR2; SlGCR2 candidate B; Solyc12g009030,gland_fate_switch_panel,Medium,One GCR2 row; verify duplicate GCR2 IDs when interpreting. || Second GCR2 row; kept because table already carries duplicate GCR2 IDs; verify exact paralog before strong claims.,Chang 2024 Nature; Mandal 2025 New Phytologist,confirmed_from_literature,literature_expanded, || GCR2 duplicate/paralog row split into version B; verify exact nomenclature before strong claims.,,GCR2,B,gland_fate_switch_panel
HAIR,Solyc10g078970,Solyc10g078970,C2H2_ZFP,Broad_trichome_development,Characterized tomato trichome development gene; useful broad developmental control,Solyc10g078970,General_trichome_development,medium_low,updated_all_marker_table,,C2H2_ZFP,Medium_low,Characterized tomato trichome development gene; useful broad developmental control,Galdon-Armero 2018,confirmed,new_updated_all_table,"Characterized tomato trichome development gene; useful broad developmental control || Shared Solyc ID with other table rows: HAIR, Hair / H. Treat aliases/conflicts cautiously.",HAIR,,,
HAP, Solyc09g091370,Solyc09g091370, ASH1-Homolog / Histone Methyltransferase,, Negative regulator of trichome density; epigenetic switch.,,,,curated_base,,,,,,,base_row,,,,,
Hair / H,Solyc10g078970,Solyc10g078970,C2H2 Zinc Finger Protein,Required for elongation of multicellular trichomes,,,General_gland_regulator,medium,curated_base + marker_signature_table,HAIR,C2H2_ZFP,Medium_low,Characterized tomato trichome development gene; useful broad developmental control,Galdon-Armero 2018,confirmed,overlap_merged,"signature: Broad_trichome_development || marker_category: C2H2_ZFP || priority: Medium_low || evidence: Characterized tomato trichome development gene; useful broad developmental control || reference: Galdon-Armero 2018 || id_status: confirmed || Shared Solyc ID with other table rows: HAIR, Hair / H. Treat aliases/conflicts cautiously.",,,,
Hairless,Solyc11g013280; Solyc11g013290,Solyc11g013280,actin/WAVE_complex_related,Broad_trichome_morphogenesis,Characterized tomato trichome morphology gene pair; useful broad structural/morphogenesis control marker,,General_gland_regulator,low,marker_signature_table,,actin/WAVE_complex_related,Low,Characterized tomato trichome morphology gene pair; useful broad structural/morphogenesis control marker,Galdon-Armero 2018,confirmed,new_from_marker_table,"reference: Galdon-Armero 2018 || id_status: confirmed || Shared Solyc ID with other table rows: Hairless, Hairless version A. Treat aliases/conflicts cautiously.",Hairless,,,
Hairless version A,Solyc11g013280,Solyc11g013280,actin/WAVE_complex_related,Broad_trichome_morphogenesis,Ambiguous/multiple ID row split into version A; original ID field: Solyc11g013280; Solyc11g013290 || ID-source chunk: Solyc11g013280 || Characterized tomato trichome morphology gene pair; useful broad structural/morphogenesis control marker,Solyc11g013280; Solyc11g013290,General_trichome_development,low,updated_all_marker_table,,actin/WAVE_complex_related,Low,Characterized tomato trichome morphology gene pair; useful broad structural/morphogenesis control marker,Galdon-Armero 2018,confirmed,new_updated_all_table,"Ambiguous/multiple ID row split into version A; original ID field: Solyc11g013280; Solyc11g013290 || ID-source chunk: Solyc11g013280 || Shared Solyc ID with other table rows: Hairless, Hairless version A. Treat aliases/conflicts cautiously.",Hairless,Hairless,A,
Hairless version B,Solyc11g013290,Solyc11g013290,actin/WAVE_complex_related,Broad_trichome_morphogenesis,Ambiguous/multiple ID row split into version B; original ID field: Solyc11g013280; Solyc11g013290 || ID-source chunk: Solyc11g013290 || Characterized tomato trichome morphology gene pair; useful broad structural/morphogenesis control marker,Solyc11g013280; Solyc11g013290,General_trichome_development,low,updated_all_marker_table,,actin/WAVE_complex_related,Low,Characterized tomato trichome morphology gene pair; useful broad structural/morphogenesis control marker,Galdon-Armero 2018,confirmed,new_updated_all_table,Ambiguous/multiple ID row split into version B; original ID field: Solyc11g013280; Solyc11g013290 || ID-source chunk: Solyc11g013290,Hairless,Hairless,B,
JAI1 / COI1,Solyc05g052620,Solyc05g052620,F-box protein,Jasmonate receptor, key for insect defense,,,,curated_base,,,,,,,base_row,,,,,
LFS,Solyc02g090680,Solyc02g090680,Basic Helix-Loop-Helix (bHLH),Glandless/Leafless mutant, essential for Type VI glands,,General_gland_regulator,medium,curated_base,,LFS_specialized_metabolism_panel,,LFS links AP2/ERF developmental function with acylsugar/flavonoid specialized metabolism; interpret as developmental-metabolic bridge.,Mandal 2025 New Phytologist; Chang 2024; Tian 2020 atlas context,,base_row,Keep separate from pure type marker interpretation; LFS can regulate acylsugar output independently from trichome density.,,,,gland_fate_switch_panel
Lanata,Solyc04g005320,Solyc04g005320,HD-Zip IV Transcription Factor,Mutant shows high density of long hairs,,,General_gland_regulator,medium,curated_base,,,,,,,base_row,,,,,
MCPI,Solyc01g067295,Solyc01g067295,promoter/metabolic_marker,Type VI,Promoter drives GFP specifically in type VI glandular trichomes; signal restricted to four glandular head cells and absent from type I trichomes,Solyc01g067295,Type_VI_like_metabolic,high,updated_all_marker_table,,promoter/metabolic_marker,High,Promoter drives GFP specifically in type VI glandular trichomes; signal restricted to four glandular head cells and absent from type I trichomes,Ying et al. 2022; Brand-Duran 2024,confirmed,new_updated_all_table,Promoter drives GFP specifically in type VI glandular trichomes; signal restricted to four glandular head cells and absent from type I trichomes,MCPI,,,
MTR1,Solyc10g083140,Solyc10g083140,MTR / EAR-RING-like multicellular trichome repressor,Multicellular trichome repressor 1; formerly referred to as SlCycB2 in older nomenclature; Wo downstream/dosage control module,Confirmed MTR1 locus from Wo/MTR literature; MTR1/MTR2/MTR3 are homologous regulators of Wo-dependent multicellular trichome development.,,wo_morphogenesis_context,high,curated_base,MTR1; SlCycB2; SlMTR1,wo_brc2a_morphogenesis_panel,High,MTR1/MTR2/MTR3 homologs regulate Wo-dependent multicellular trichome development.,Wu et al. Developmental Cell Wo/MTR literature,confirmed_from_literature,base_row,,,,,wo_brc2a_morphogenesis_panel; atlas_epidermis_context_panel
MTR1 / SlCycB2 (review alias),Solyc10g083140,Solyc10g083140,MTR / EAR-RING-like multicellular trichome repressor,Multicellular trichome repressor 1; formerly referred to as SlCycB2 in older nomenclature; Wo downstream/dosage control module,Confirmed MTR1 locus from Wo/MTR literature; MTR1/MTR2/MTR3 are homologous regulators of Wo-dependent multicellular trichome development.,,wo_morphogenesis_context,high,curated_base + marker_signature_table,MTR1; SlCycB2; SlMTR1,wo_brc2a_morphogenesis_panel,High,MTR1/MTR2/MTR3 homologs regulate Wo-dependent multicellular trichome development.,Wu et al. Developmental Cell Wo/MTR literature,confirmed_from_literature,overlap_merged,"signature: Broad_trichome_development || marker_category: cyclin/regulator || priority: Medium || evidence: Negative regulator/fine-tuner of SlWO; characterized trichome development gene; altered in glandless || reference: Zocca et al. 2025; Galdon-Armero 2018 || id_status: confirmed || Shared Solyc ID with other table rows: MTR1 / SlCycB2 (review alias), MTR1/SlCycB2. Treat aliases/conflicts cautiously.",,,,wo_brc2a_morphogenesis_panel; atlas_epidermis_context_panel
MTR1/SlCycB2,Solyc10g083140,Solyc10g083140,MTR / EAR-RING-like multicellular trichome repressor,Multicellular trichome repressor 1; formerly referred to as SlCycB2 in older nomenclature; Wo downstream/dosage control module,Confirmed MTR1 locus from Wo/MTR literature; MTR1/MTR2/MTR3 are homologous regulators of Wo-dependent multicellular trichome development.,Solyc10g083140,wo_morphogenesis_context,high,updated_all_marker_table,MTR1; SlCycB2; SlMTR1,wo_brc2a_morphogenesis_panel,High,MTR1/MTR2/MTR3 homologs regulate Wo-dependent multicellular trichome development.,Wu et al. Developmental Cell Wo/MTR literature,confirmed_from_literature,new_updated_all_table,"Negative regulator/fine-tuner of Wo protein level; mtr1 mtr2 mutants show elevated Wo and increased long digitate trichomes; useful Wo-dose control marker. || Shared Solyc ID with other table rows: MTR1 / SlCycB2 (review alias), MTR1/SlCycB2. Treat aliases/conflicts cautiously.",MTR1/SlCycB2,,,wo_brc2a_morphogenesis_panel; atlas_epidermis_context_panel
MTR2/SlCycB3,Solyc06g073990,Solyc06g073990,MTR / EAR-RING-like multicellular trichome repressor,Multicellular trichome repressor 2; homologous to MTR1; previously associated with SlCycB3 nomenclature; Wo downstream/dosage control module,MTR2 is homologous to MTR1; interpret as Wo-dose/morphogenesis regulator rather than canonical cyclin marker.,Solyc06g073990,wo_morphogenesis_context,high,literature_expansion,MTR2; SlCycB3; SlMTR2,wo_brc2a_morphogenesis_panel,High,MTR family regulator of Wo-dependent multicellular trichome development.,Wu et al. Developmental Cell Wo/MTR literature,confirmed_from_literature,literature_expanded,"Works with MTR1 to control Wo dosage; double mutants increase Wo levels and long trichome development. || Shared Solyc ID with other table rows: MTR2/SlCycB3, SlMTR2/SlCycB3. Treat aliases/conflicts cautiously.",,,,wo_brc2a_morphogenesis_panel; atlas_epidermis_context_panel
MX1 / SlMIXTA-like,Solyc01g006300,Solyc01g006300,MYB Transcription Factor,Promotes non-glandular trichome formation,,,,,curated_base,,,,,,,base_row,,,,,
MYB13,Solyc06g083900,Solyc06g083900,MYB_TF,Heat/JA-induced_type_IV_candidate,Candidate regulator induced by heat and jasmonate; linked to heat-stress type IV initiation in Brand-Duran; useful inducible type IV marker candidate,Solyc06g083900,Candidate_marker_uncategorized,medium_high,updated_all_marker_table,,MYB_TF,Medium_high,Candidate regulator induced by heat and jasmonate; linked to heat-stress type IV initiation in Brand-Duran; useful inducible type IV marker candidate,Brand-Duran 2024,confirmed,new_updated_all_table,Candidate regulator induced by heat and jasmonate; linked to heat-stress type IV initiation in Brand-Duran; useful inducible type IV marker candidate,MYB13,,,
NDPS1,Solyc08g005673,Solyc08g005673,terpene_precursor_pathway,Type VI,Neryl diphosphate synthase marker from terpene pathway primer set; useful with TPS20/TPS5 for type VI plastidial monoterpene branch,Solyc08g005673,Type_VI_like_metabolic,medium,updated_all_marker_table,,terpene_precursor_pathway,Medium,Neryl diphosphate synthase marker from terpene pathway primer set; useful with TPS20/TPS5 for type VI plastidial monoterpene branch,Brand-Duran 2024,confirmed,new_updated_all_table,Neryl diphosphate synthase marker from terpene pathway primer set; useful with TPS20/TPS5 for type VI plastidial monoterpene branch,NDPS1,,,
NDPS1,Solyc08g005680,Solyc08g005680,Neryl Diphosphate Synthase 1,Precursor for terpene biosynthesis,,,Type_VI_like_core,high,curated_base,,,,,,,base_row,,,,,
PEPCK,Solyc04g076880,Solyc04g076880,central_carbon_metabolism,Type VI,Central carbon metabolism support gene tested functionally in glandular trichomes; useful productive-type-VI-state marker rather than strict identity marker,Solyc04g076880,Type_VI_like_metabolic,medium,updated_all_marker_table,,central_carbon_metabolism,Medium,Central carbon metabolism support gene tested functionally in glandular trichomes; useful productive-type-VI-state marker rather than strict identity marker,Brand-Duran 2024,confirmed,new_updated_all_table,Central carbon metabolism support gene tested functionally in glandular trichomes; useful productive-type-VI-state marker rather than strict identity marker,PEPCK,,,
PHS1 / TPS20,Solyc08g005640,Solyc08g005640,Terpene synthase,Type VI-like terpene-gland signature gene,Added from literature-backed type VI-like signature; alias usage in literature can vary,,Type_VI_like_core,medium,curated_base + marker_signature_table,SlTPS21,terpene_synthase,Medium,Plastidic terpene synthase; reduced in glandless isolated stem trichomes,Zocca et al. 2025,confirmed,overlap_merged,"signature: Type VI || marker_category: terpene_synthase || priority: Medium || evidence: Plastidic terpene synthase; reduced in glandless isolated stem trichomes || reference: Zocca et al. 2025 || id_status: confirmed || Shared Solyc ID with other table rows: PHS1 / TPS20, SlTPS21. Treat aliases/conflicts cautiously.",,,,
ShCYP71D184/ShZO version A,Sohab01g008670,,cytochrome_P450,Wild_S_habrochaites_type_VI_zingiberene_derivative_metabolism,Ambiguous/multiple ID row split into version A; original ID field: Sohab01g008670; tomato_ortholog_SlCYP71D184=Solyc01g008670 || ID-source chunk: Sohab01g008670 || Highly expressed in trichomes and co-segregates with 9HZ/9H10epoZ; Sh enzyme oxidizes 7-epi-zingiberene to toxic derivatives; tomato ortholog was inactive in assays.,Sohab01g008670; tomato_ortholog_SlCYP71D184=Solyc01g008670,Candidate_marker_uncategorized,high,updated_all_marker_table,,cytochrome_P450,High,Highly expressed in trichomes and co-segregates with 9HZ/9H10epoZ; Sh enzyme oxidizes 7-epi-zingiberene to toxic derivatives; tomato ortholog was inactive in assays.,Zabel et al. 2020,confirmed; external_non_tomato_or_non_solyc,new_updated_all_table,Ambiguous/multiple ID row split into version A; original ID field: Sohab01g008670; tomato_ortholog_SlCYP71D184=Solyc01g008670 || ID-source chunk: Sohab01g008670,ShCYP71D184/ShZO,ShCYP71D184/ShZO,A,
ShCYP71D184/ShZO version B,Solyc01g008670,Solyc01g008670,cytochrome_P450,Wild_S_habrochaites_type_VI_zingiberene_derivative_metabolism,Ambiguous/multiple ID row split into version B; original ID field: Sohab01g008670; tomato_ortholog_SlCYP71D184=Solyc01g008670 || ID-source chunk: tomato_ortholog_SlCYP71D184=Solyc01g008670 || Highly expressed in trichomes and co-segregates with 9HZ/9H10epoZ; Sh enzyme oxidizes 7-epi-zingiberene to toxic derivatives; tomato ortholog was inactive in assays.,Sohab01g008670; tomato_ortholog_SlCYP71D184=Solyc01g008670,Candidate_marker_uncategorized,high,updated_all_marker_table,,cytochrome_P450,High,Highly expressed in trichomes and co-segregates with 9HZ/9H10epoZ; Sh enzyme oxidizes 7-epi-zingiberene to toxic derivatives; tomato ortholog was inactive in assays.,Zabel et al. 2020,confirmed,new_updated_all_table,Ambiguous/multiple ID row split into version B; original ID field: Sohab01g008670; tomato_ortholog_SlCYP71D184=Solyc01g008670 || ID-source chunk: tomato_ortholog_SlCYP71D184=Solyc01g008670,ShCYP71D184/ShZO,ShCYP71D184/ShZO,B,
SlARF3,Solyc02g077560,Solyc02g077560,Auxin response factor,Atlas epidermal/trichome GRN and leaf polarity/development context marker,Listed as characterized trichome development gene; useful auxin/developmental context marker || Already in candidate table; strengthened as epidermis trajectory context marker.,Solyc02g077560,Atlas_epidermis_trichome_context,medium,literature_expansion,SlARF3,atlas_developmental_GRN_panel,Medium,Listed as characterized trichome development gene; useful auxin/developmental context marker || Already in candidate table; strengthened as epidermis trajectory context marker.,Galdon-Armero 2018 || Tian 2020 tomato shoot apex snRNA-seq atlas,confirmed_from_literature,literature_expanded,Listed as characterized trichome development gene; useful auxin/developmental context marker,,,,atlas_epidermis_context_panel
SlARF4,Solyc11g069190,Solyc11g069190,auxin_response_factor,Auxin_induced_type_II/V/VI_trichome_formation,Directly represses SlASR3; SlARF4-dependent IAA-induced trichome formation depends on SlASR3; useful auxin-side marker for type II/VI regulation.,Solyc11g069190,Candidate_marker_uncategorized,medium_high,updated_all_marker_table,,auxin_response_factor,Medium_high,Directly represses SlASR3; SlARF4-dependent IAA-induced trichome formation depends on SlASR3; useful auxin-side marker for type II/VI regulation.,Zheng et al. 2025; Zhao et al. 2025 review,confirmed,new_updated_all_table,Directly represses SlASR3; SlARF4-dependent IAA-induced trichome formation depends on SlASR3; useful auxin-side marker for type II/VI regulation.,SlARF4,,,
SlASAT1,Solyc12g006330,Solyc12g006330,acylsugar_biosynthesis,Type I/IV_acylsugar_support,Acylsugar-pathway support marker; less clean as type identity marker than ASAT3/ASAT4,Solyc12g006330,Type_IV_like_metabolic,medium,updated_all_marker_table,,acylsugar_biosynthesis,Medium,Acylsugar-pathway support marker; less clean as type identity marker than ASAT3/ASAT4,Previous literature table; ASAT family annotation,confirmed_from_previous_table,new_updated_all_table,"Acylsugar-pathway support marker; less clean as type identity marker than ASAT3/ASAT4 || Shared Solyc ID with other table rows: ASAT1, SlASAT1. Treat aliases/conflicts cautiously.",SlASAT1,,,
SlASAT2,Solyc04g012020,Solyc04g012020,acylsugar_biosynthesis,Type I/IV_acylsugar_support,Acylsugar-pathway support marker; less clean as type identity marker than ASAT3/ASAT4,Solyc04g012020,Type_IV_like_metabolic,medium,updated_all_marker_table,,metabolic_output_panel; lfs_specialized_metabolism_panel,Medium,Acylsugar-pathway support marker; less clean as type identity marker than ASAT3/ASAT4 || Acylsugar/specialized-metabolism readout; several acylsugar genes are downregulated after LFS perturbation and/or co-expressed with LFS.,Previous literature table; ASAT family annotation || Mandal 2025 New Phytologist; prior acylsugar literature,confirmed_from_previous_table,new_updated_all_table,"Acylsugar-pathway support marker; less clean as type identity marker than ASAT3/ASAT4 || Shared Solyc ID with other table rows: ASAT2, SlASAT2. Treat aliases/conflicts cautiously. || Interpret as downstream metabolic output rather than primary cell-fate marker.",SlASAT2,,,
SlASAT3,Solyc11g067270,Solyc11g067270,acylsugar_biosynthesis,Type I/IV,Acylsucrose acyltransferase; reporter/promoter expression in type I and IV glandular trichomes; strong capitate acylsugar marker,Solyc11g067270,Type_IV_like_metabolic,high,updated_all_marker_table,,metabolic_output_panel; lfs_specialized_metabolism_panel,High,Acylsucrose acyltransferase; reporter/promoter expression in type I and IV glandular trichomes; strong capitate acylsugar marker || Acylsugar/specialized-metabolism readout; several acylsugar genes are downregulated after LFS perturbation and/or co-expressed with LFS.,Kortbeek et al. 2016; Schilmiller et al. 2015 || Mandal 2025 New Phytologist; prior acylsugar literature,confirmed_from_previous_table,new_updated_all_table,"Acylsucrose acyltransferase; reporter/promoter expression in type I and IV glandular trichomes; strong capitate acylsugar marker || Shared Solyc ID with other table rows: ASAT3, SlASAT3. Treat aliases/conflicts cautiously. || Interpret as downstream metabolic output rather than primary cell-fate marker.",SlASAT3,,,
SlASAT4/SlAT2,Solyc01g105580,Solyc01g105580,acylsugar_biosynthesis,Type I/IV,Acylsucrose acyltransferase; reporter/promoter expression in type I and IV glandular trichomes; strong capitate acylsugar marker,Solyc01g105580,Type_IV_like_metabolic,high,updated_all_marker_table,,acylsugar_biosynthesis,High,Acylsucrose acyltransferase; reporter/promoter expression in type I and IV glandular trichomes; strong capitate acylsugar marker,Kortbeek et al. 2016; Schilmiller et al. 2012,confirmed_from_previous_table,new_updated_all_table,"Acylsucrose acyltransferase; reporter/promoter expression in type I and IV glandular trichomes; strong capitate acylsugar marker || Shared Solyc ID with other table rows: ASAT4, SlASAT4/SlAT2. Treat aliases/conflicts cautiously.",SlASAT4/SlAT2,,,
SlASH1,Solyc05g030120,Solyc05g030120,AcylSugar acylHydrolase 1,Found on Chromosome 5; removes specific acyl chains from the sugar core.,,,,,curated_base,,,,,,,base_row,,,,,
SlASH2,Solyc05g030130,Solyc05g030130,AcylSugar acylHydrolase 2,Sits right next to ASH1; works as a carboxylesterase to hydrolyze acylsugars.,,,,,curated_base,,,,,,,base_row,,,,,
SlASH3,Solyc09g075710,Solyc09g075710,AcylSugar acylHydrolase 3,Located on Chromosome 9; expressed specifically in trichomes to modify defense compounds.,,,,,curated_base,,,,,,,base_row,,,,,
SlASR3,Solyc02g069390,Solyc02g069390,Trihelix/MYB-like_TF,Type_II_and_VI_negative_regulator,Expressed in type II and VI trichomes; knockdown/knockout increases type II and VI trichome densities; overexpression reduces them; mediates auxin-JA crosstalk.,Solyc02g069390,Candidate_marker_uncategorized,high,updated_all_marker_table,,Trihelix/MYB-like_TF,High,Expressed in type II and VI trichomes; knockdown/knockout increases type II and VI trichome densities; overexpression reduces them; mediates auxin-JA crosstalk.,Zheng et al. 2025; Zhao et al. 2025 review,confirmed,new_updated_all_table,Expressed in type II and VI trichomes; knockdown/knockout increases type II and VI trichome densities; overexpression reduces them; mediates auxin-JA crosstalk.,SlASR3,,,
SlBRC2a,Solyc04g006980,Solyc04g006980,Trichome morphogenesis / Wo-BRC2a module,TCP transcription factor linked to basal cell expansion/endoreduplication,Downstream target of Wo; expressed mainly in basal trichome cells; knockout increases trichome cell division and branching; promotes transition from division to endoreduplication/expansion. || SlBRC2a antagonizes Wo-associated division program and promotes basal expansion/endoreduplication-like context.,Solyc04g006980,Wo_BRC2a_morphogenesis_panel,high,literature_expansion,SlBRC2a,wo_brc2a_morphogenesis_panel,High,Downstream target of Wo; expressed mainly in basal trichome cells; knockout increases trichome cell division and branching; promotes transition from division to endoreduplication/expansion. || SlBRC2a antagonizes Wo-associated division program and promotes basal expansion/endoreduplication-like context.,Wu et al. 2024 || Wu 2024 Developmental Cell; Tian 2020 atlas context,confirmed_from_literature,literature_expanded,Downstream target of Wo; expressed mainly in basal trichome cells; knockout increases trichome cell division and branching; promotes transition from division to endoreduplication/expansion.,,,,wo_brc2a_morphogenesis_panel
SlCycB2,Solyc10g083420,Solyc10g083420,B-type Cyclin,Controls cell division in multicellular trichomes,,,,,curated_base,,,,,,,base_row,,,,,
SlEOT1,Solyc02g062400,Solyc02g062400,terpene_regulatory_TF/promoter_marker,Type VI,Type VI glandular trichome reporter/promoter marker; strongly reduced in glandless isolated stem trichomes; regulator of terpene biosynthesis,Solyc02g062400,Type_VI_like_regulatory,high,updated_all_marker_table,,terpene_regulatory_TF/promoter_marker,High,Type VI glandular trichome reporter/promoter marker; strongly reduced in glandless isolated stem trichomes; regulator of terpene biosynthesis,Kortbeek et al. 2016; Zocca et al. 2025,confirmed,new_updated_all_table,Type VI glandular trichome reporter/promoter marker; strongly reduced in glandless isolated stem trichomes; regulator of terpene biosynthesis,SlEOT1,,,
SlEOT2,Solyc03g033680,Solyc03g033680,terpene_regulatory_TF,Type VI,Reduced in glandless isolated stem trichomes; reported as trichome-enriched regulator of terpene biosynthetic pathway genes,Solyc03g033680,Type_VI_like_regulatory,medium_high,updated_all_marker_table,,terpene_regulatory_TF,Medium_high,Reduced in glandless isolated stem trichomes; reported as trichome-enriched regulator of terpene biosynthetic pathway genes,Zocca et al. 2025,confirmed,new_updated_all_table,Reduced in glandless isolated stem trichomes; reported as trichome-enriched regulator of terpene biosynthetic pathway genes,SlEOT2,,,
SlGCR1,Solyc02g076670,Solyc02g076670,MYB-like transcription factor,Gland cell repressor / gland fate switch component,Gland-cell repressor; gcr1/gcr2 double mutants strongly promote gland formation and supernumerary glands; expressed strongly in apical cells before gland transition. || GCR1/GCR2 repress gland formation; useful for gland-fate switch panel.,Solyc02g076670,GCR_TOE_LFS_gland_fate_switch,high,literature_expansion,SlGCR1,gland_fate_switch_panel,High,Gland-cell repressor; gcr1/gcr2 double mutants strongly promote gland formation and supernumerary glands; expressed strongly in apical cells before gland transition. || GCR1/GCR2 repress gland formation; useful for gland-fate switch panel.,Chang et al. 2024; Zocca et al. 2025 || Chang 2024 Nature; Mandal 2025 New Phytologist,confirmed_from_literature,literature_expanded,Gland-cell repressor; gcr1/gcr2 double mutants strongly promote gland formation and supernumerary glands; expressed strongly in apical cells before gland transition.,,,,gland_fate_switch_panel
SlH3,Solyc11g018660,Solyc11g018660,C2H2 Zinc Finger Protein,Works with Woolly for gland density,,,,,curated_base,,,,,,,base_row,,,,,
SlH4,Solyc11g018662,Solyc11g018662,C2H2 Zinc Finger Protein,Works with Woolly for gland density,,,,,curated_base,,,,,,,base_row,,,,,
SlHD8,Solyc03g098200,Solyc03g098200,HD-ZIP_IV_TF,Type VI/broad_trichome_development,Regulates trichome initiation/morphogenesis and MeJA-induced elongation; included in glandular-cell transcriptome candidate lists; useful broad developmental context marker.,Solyc03g098200,Type_VI_like_regulatory,medium,updated_all_marker_table,,HD-ZIP_IV_TF,Medium,Regulates trichome initiation/morphogenesis and MeJA-induced elongation; included in glandular-cell transcriptome candidate lists; useful broad developmental context marker.,Chang et al. 2024; Zocca et al. 2025,confirmed,new_updated_all_table,Regulates trichome initiation/morphogenesis and MeJA-induced elongation; included in glandular-cell transcriptome candidate lists; useful broad developmental context marker.,SlHD8,,,
SlHD8,Solyc08g006850,Solyc08g006850,HD-Zip IV Transcription Factor,Promotes trichome elongation and expansion,,,,,curated_base,,,,,,,base_row,,,,,
SlHDZ38,Solyc03g116080,Solyc03g116080,HD-Zip I Transcription Factor,Glandular head development (Type VI),,,,,curated_base,,,,,,,base_row,,,,,
SlHDZ38/Glandless,Solyc09g008810,Solyc09g008810,development_TF,Type VI,Glandless mutation and VIGS cause aberrant type VI trichomes lacking normal gland cells; volatile terpenes reduced; strong new type VI gland-formation marker,Solyc09g008810,Type_VI_like_regulatory,high,updated_all_marker_table,,development_TF,High,Glandless mutation and VIGS cause aberrant type VI trichomes lacking normal gland cells; volatile terpenes reduced; strong new type VI gland-formation marker,Zocca et al. 2025,confirmed,new_updated_all_table,Glandless mutation and VIGS cause aberrant type VI trichomes lacking normal gland cells; volatile terpenes reduced; strong new type VI gland-formation marker,SlHDZ38/Glandless,,,
HDZIV3/HD3,Solyc03g026070,Solyc03g026070,HD-Zip_IV_TF,Long_trichome_and_GT_development,Predominantly expressed in leaf and fruit trichomes; CRISPR mutants reduce long trichomes and glandular trichomes on leaves; required for MeJA-induced long-trichome formation.,Solyc03g026070,General_trichome_development,high,updated_all_marker_table,,HD-Zip_IV_TF,High,Predominantly expressed in leaf and fruit trichomes; CRISPR mutants reduce long trichomes and glandular trichomes on leaves; required for MeJA-induced long-trichome formation.,Li et al. 2025; Zhao et al. 2025 review,confirmed,new_updated_all_table,Predominantly expressed in leaf and fruit trichomes; CRISPR mutants reduce long trichomes and glandular trichomes on leaves; required for MeJA-induced long-trichome formation.,SlHDZIV3/SlHD3,,,
SlHsp70,Solyc11g020040,Solyc11g020040,Heat Shock Protein,Chaperone, heat stress protection,,,,curated_base,,,,,,,base_row,,,,,
SlHsp90,Solyc06g036290,Solyc06g036290,Heat Shock Protein,Chaperone, protein stability during heat stress,,,,curated_base,,,,,,,base_row,,,,,
SlIAA15,Solyc03g120390,Solyc03g120390,auxin_signaling,Broad_trichome_development,Listed as characterized trichome development gene; useful auxin/developmental control marker,Solyc03g120390,General_trichome_development,low,updated_all_marker_table,,auxin_signaling,Low,Listed as characterized trichome development gene; useful auxin/developmental control marker,Galdon-Armero 2018,confirmed,new_updated_all_table,Listed as characterized trichome development gene; useful auxin/developmental control marker,SlIAA15,,,
SlIPMS3,Solyc08g014230,Solyc08g014230,branched_chain_acyl_precursor_metabolism,Type I/IV,Isopropylmalate synthase; GFP/GUS expression in type I and IV glandular trichomes; links to branched acyl-chain composition of acylsugars,Solyc08g014230,Type_IV_like_metabolic,high,updated_all_marker_table,,branched_chain_acyl_precursor_metabolism,High,Isopropylmalate synthase; GFP/GUS expression in type I and IV glandular trichomes; links to branched acyl-chain composition of acylsugars,Kortbeek et al. 2016; Ning et al. 2015,confirmed_from_previous_table,new_updated_all_table,Isopropylmalate synthase; GFP/GUS expression in type I and IV glandular trichomes; links to branched acyl-chain composition of acylsugars,SlIPMS3,,,
SlJAZ1,Solyc07g042170,Solyc07g042170,JAZ protein,Repressor of Jasmonate signaling,,,,,curated_base,,,,,,,base_row,,,,,
SlJAZ2,Solyc12g009220,Solyc12g009220,JA_signaling_regulator,Type VI,JA signaling inhibitor controlling SlMYC1/SlWO module; lower in glandless leaves; regulatory-state marker rather than structural identity marker,Solyc12g009220,Type_VI_like_regulatory,medium,updated_all_marker_table,,JA_signaling_regulator,Medium,JA signaling inhibitor controlling SlMYC1/SlWO module; lower in glandless leaves; regulatory-state marker rather than structural identity marker,Zocca et al. 2025,confirmed,new_updated_all_table,JA signaling inhibitor controlling SlMYC1/SlWO module; lower in glandless leaves; regulatory-state marker rather than structural identity marker,SlJAZ2,,,
SlJAZ4,Solyc12g049400,Solyc12g049400,JA_signaling_regulator,Type VI,JA signaling inhibitor regulating SlMYC1 and SlHD8 activity; lower in glandless leaves; useful JA/type VI regulatory context marker,Solyc12g049400,Type_VI_like_regulatory,medium,updated_all_marker_table,,JA_signaling_regulator,Medium,JA signaling inhibitor regulating SlMYC1 and SlHD8 activity; lower in glandless leaves; useful JA/type VI regulatory context marker,Zocca et al. 2025,confirmed,new_updated_all_table,JA signaling inhibitor regulating SlMYC1 and SlHD8 activity; lower in glandless leaves; useful JA/type VI regulatory context marker,SlJAZ4,,,
SlJAZ5,Solyc03g118540,Solyc03g118540,JA_signaling_regulator,Type VI,"More expressed in glandless isolated stem trichomes; regulatory-state marker, not type-specific",Solyc03g118540,Type_VI_like_regulatory,low,updated_all_marker_table,,JA_signaling_regulator,Low,"More expressed in glandless isolated stem trichomes; regulatory-state marker, not type-specific",Zocca et al. 2025,confirmed,new_updated_all_table,"More expressed in glandless isolated stem trichomes; regulatory-state marker, not type-specific",SlJAZ5,,,
SlJAZ6,Solyc01g005440,Solyc01g005440,JA_signaling_regulator,Type VI,"More expressed in glandless isolated stem trichomes; regulatory-state marker, not type-specific",Solyc01g005440,Type_VI_like_regulatory,low,updated_all_marker_table,,JA_signaling_regulator,Low,"More expressed in glandless isolated stem trichomes; regulatory-state marker, not type-specific",Zocca et al. 2025,confirmed,new_updated_all_table,"More expressed in glandless isolated stem trichomes; regulatory-state marker, not type-specific",SlJAZ6,,,
SlJAZ7,Solyc11g011030,Solyc11g011030,JA_signaling_regulator,Type VI,"More expressed in glandless isolated stem trichomes; regulatory-state marker, not type-specific",Solyc11g011030,Type_VI_like_regulatory,low,updated_all_marker_table,,JA_signaling_regulator,Low,"More expressed in glandless isolated stem trichomes; regulatory-state marker, not type-specific",Zocca et al. 2025,confirmed,new_updated_all_table,"More expressed in glandless isolated stem trichomes; regulatory-state marker, not type-specific",SlJAZ7,,,
SlLFS/LEAFLESS ,Solyc05g013540,Solyc05g013540,AP2/ERF_TF,Type_I/IV_acylsugar_and_gland_fate,Ambiguous/multiple ID row split into version A; original ID field: Solyc05g013540; SpLFS=Sopen05g008450 || ID-source chunk: Solyc05g013540 || Positive regulator of gland formation and acylsugar/flavonoid biosynthesis; expressed in type I/IV trichome tip cells; silencing reduces acylsugars; GCR1/2 repress LFS.,Solyc05g013540; SpLFS=Sopen05g008450,Type_IV_like_metabolic,high,updated_all_marker_table,,LFS_specialized_metabolism_panel,High,Positive regulator of gland formation and acylsugar/flavonoid biosynthesis; expressed in type I/IV trichome tip cells; silencing reduces acylsugars; GCR1/2 repress LFS. || LFS links AP2/ERF developmental function with acylsugar/flavonoid specialized metabolism; interpret as developmental-metabolic bridge.,Chang et al. 2024; Mandal et al. 2025; Wu et al. 2023 || Mandal 2025 New Phytologist; Chang 2024; Tian 2020 atlas context,confirmed,new_updated_all_table,Ambiguous/multiple ID row split into version A; original ID field: Solyc05g013540; SpLFS=Sopen05g008450 || ID-source chunk: Solyc05g013540 || Keep separate from pure type marker interpretation; LFS can regulate acylsugar output independently from trichome density.,SlLFS/LEAFLESS,SlLFS/LEAFLESS,A,gland_fate_switch_panel
SlLN,Solyc03g031760,Solyc03g031760,HD-ZIP_IV_TF,Type VI/broad_trichome_development,HD-ZIP IV regulator; natural mutant has lower type VI/VII density; lower in glandless leaves,Solyc03g031760,Type_VI_like_regulatory,medium,updated_all_marker_table,,HD-ZIP_IV_TF,Medium,HD-ZIP IV regulator; natural mutant has lower type VI/VII density; lower in glandless leaves,Zocca et al. 2025,confirmed,new_updated_all_table,HD-ZIP IV regulator; natural mutant has lower type VI/VII density; lower in glandless leaves,SlLN,,,
SlMIXTA-like,Solyc02g088190,Solyc02g088190,MYB_TF,Broad_trichome_development,"Developmental/epidermal-patterning marker; altered in glandless isolated stem trichomes; useful context marker, not type-specific",Solyc02g088190,General_trichome_development,medium,updated_all_marker_table,,MYB_TF,Medium,"Developmental/epidermal-patterning marker; altered in glandless isolated stem trichomes; useful context marker, not type-specific",Zocca et al. 2025; Galdon-Armero 2018,confirmed,new_updated_all_table,"Developmental/epidermal-patterning marker; altered in glandless isolated stem trichomes; useful context marker, not type-specific",SlMIXTA-like,,,
SlMTR2/SlCycB3,Solyc06g073990,Solyc06g073990,MTR / EAR-RING-like multicellular trichome repressor,Multicellular trichome repressor 2; homologous to MTR1; previously associated with SlCycB3 nomenclature; Wo downstream/dosage control module,MTR2 is homologous to MTR1; interpret as Wo-dose/morphogenesis regulator rather than canonical cyclin marker.,,wo_morphogenesis_context,high,marker_signature_table,MTR2; SlCycB3; SlMTR2,wo_brc2a_morphogenesis_panel,High,MTR family regulator of Wo-dependent multicellular trichome development.,Wu et al. Developmental Cell Wo/MTR literature,confirmed_from_literature,new_from_marker_table,"reference: Zocca et al. 2025 || id_status: confirmed || Shared Solyc ID with other table rows: MTR2/SlCycB3, SlMTR2/SlCycB3. Treat aliases/conflicts cautiously.",SlMTR2/SlCycB3,,,wo_brc2a_morphogenesis_panel; atlas_epidermis_context_panel
SlMTR3,Solyc01g007870,Solyc01g007870,MTR / EAR-RING-like multicellular trichome repressor,Multicellular trichome repressor 3; homologous to MTR1; Wo downstream/dosage control module,MTR3 is homologous to MTR1; interpret as Wo-dose/morphogenesis regulator.,Solyc01g007870,wo_morphogenesis_context,high,updated_all_marker_table,MTR3; SlMTR3,wo_brc2a_morphogenesis_panel,High,MTR family regulator of Wo-dependent multicellular trichome development.,Wu et al. Developmental Cell Wo/MTR literature,confirmed_from_literature,new_updated_all_table,SlWO regulatory network member; more expressed in glandless isolated stem trichomes,SlMTR3,,,wo_brc2a_morphogenesis_panel; atlas_epidermis_context_panel
SlMX1,Solyc01g010910,Solyc01g010910,Trichome morphogenesis / Wo-BRC2a module,MYB/MIXTA-like Wo downstream trichome morphogenesis factor,Key downstream Wo-response gene; promotes digitate trichome differentiation and cell-division output; knockout reduces excessive cell division in cr-slbrc2a background. || Atlas authors and Wo-gradient paper support SlMX1 as trichome morphogenesis/glandular subcluster marker.,Solyc01g010910,Wo_BRC2a_morphogenesis_panel,high,literature_expansion,SlMX1,wo_brc2a_morphogenesis_panel,High,Key downstream Wo-response gene; promotes digitate trichome differentiation and cell-division output; knockout reduces excessive cell division in cr-slbrc2a background. || Atlas authors and Wo-gradient paper support SlMX1 as trichome morphogenesis/glandular subcluster marker.,Wu et al. 2023; Wu et al. 2024; Galdon-Armero 2018 || Wu 2024 Developmental Cell; Tian 2020 atlas context,confirmed_from_literature,literature_expanded,Key downstream Wo-response gene; promotes digitate trichome differentiation and cell-division output; knockout reduces excessive cell division in cr-slbrc2a background.,,,,wo_brc2a_morphogenesis_panel
SlMX2/SlMYB106,Solyc04g005600,Solyc04g005600,MYB_TF,Broad_trichome_development,Candidate/characterized trichome development gene from Galdon-Armero; useful developmental marker for trichome density/fate context,Solyc04g005600,General_trichome_development,medium,updated_all_marker_table,,MYB_TF,Medium,Candidate/characterized trichome development gene from Galdon-Armero; useful developmental marker for trichome density/fate context,Galdon-Armero 2018,confirmed,new_updated_all_table,Candidate/characterized trichome development gene from Galdon-Armero; useful developmental marker for trichome density/fate context,SlMX2/SlMYB106,,,
SlMYB52,Solyc03g093890,Solyc03g093890,R2R3-like_MYB,Auxin_MYB_trichome_density_module,Part of the SlARF4-related MYB module; review links it to trichome density regulation; in Zheng et al. it was not the main auxin-JA crosstalk candidate.,Solyc03g093890,Candidate_marker_uncategorized,medium,updated_all_marker_table,,R2R3-like_MYB,Medium,Part of the SlARF4-related MYB module; review links it to trichome density regulation; in Zheng et al. it was not the main auxin-JA crosstalk candidate.,Zheng et al. 2025; Zhao et al. 2025 review,confirmed,new_updated_all_table,Part of the SlARF4-related MYB module; review links it to trichome density regulation; in Zheng et al. it was not the main auxin-JA crosstalk candidate.,SlMYB52,,,
SlMYB75,Solyc10g086250,Solyc10g086250,R2R3-like_MYB,Auxin_MYB_trichome_density_module,Part of the SlARF4-related MYB module; review links it to negative regulation of type II/V/VI trichome density; not primary SlASR3 crosstalk candidate.,Solyc10g086250,Candidate_marker_uncategorized,medium,updated_all_marker_table,,R2R3-like_MYB,Medium,Part of the SlARF4-related MYB module; review links it to negative regulation of type II/V/VI trichome density; not primary SlASR3 crosstalk candidate.,Zheng et al. 2025; Zhao et al. 2025 review,confirmed,new_updated_all_table,Part of the SlARF4-related MYB module; review links it to negative regulation of type II/V/VI trichome density; not primary SlASR3 crosstalk candidate.,SlMYB75,,,
SlMYC1,Solyc08g005050,Solyc08g005050,development_TF_and_terpene_regulator,Type VI,Required for type VI trichome initiation/maturation and terpene biosynthesis; Wo/SlMYC1 module mediates JA signalling in glandular trichomes and improves pest resistance.,Solyc08g005050,Type_VI_like_regulatory,high,updated_all_marker_table,,development_TF_and_terpene_regulator,High,Required for type VI trichome initiation/maturation and terpene biosynthesis; Wo/SlMYC1 module mediates JA signalling in glandular trichomes and improves pest resistance.,Xu et al. 2018; Hua et al. 2020; Zocca et al. 2025,confirmed,new_updated_all_table,Required for type VI trichome initiation/maturation and terpene biosynthesis; Wo/SlMYC1 module mediates JA signalling in glandular trichomes and improves pest resistance.,SlMYC1,,,
SlPPO,Solyc08g074630,Solyc08g074630,Polyphenol Oxidase,Anti-nutritive defense against insects,,,,,curated_base,,,,,,,base_row,,,,,
SlRbcS-T,Solyc07g017950,Solyc07g017950,Rubisco_small_subunit,Type I/IV_capitate_GT/metabolic_support,"Expressed in glandular cells of type I and IV trichomes; useful capitate GT metabolism marker, not strict type IV-only",Solyc07g017950,Type_IV_like_metabolic,medium_high,updated_all_marker_table,,metabolic_output_panel; lfs_specialized_metabolism_panel,Medium_high,"Expressed in glandular cells of type I and IV trichomes; useful capitate GT metabolism marker, not strict type IV-only || Acylsugar/specialized-metabolism readout; several acylsugar genes are downregulated after LFS perturbation and/or co-expressed with LFS.",Brand-Duran 2024 || Mandal 2025 New Phytologist; prior acylsugar literature,confirmed,new_updated_all_table,"Expressed in glandular cells of type I and IV trichomes; useful capitate GT metabolism marker, not strict type IV-only || Interpret as downstream metabolic output rather than primary cell-fate marker.",SlRbcS-T,,,lfs_specialized_metabolism_panel
SlSCL3,Solyc12g099900,Solyc12g099900,development/metabolism_TF,Type VI,Highly trichome-expressed regulator of terpene biosynthetic genes; reduced in glandless isolated stem trichomes,Solyc12g099900,Type_VI_like_regulatory,high,updated_all_marker_table,,development/metabolism_TF,High,Highly trichome-expressed regulator of terpene biosynthetic genes; reduced in glandless isolated stem trichomes,Zocca et al. 2025; Brand-Duran 2024,confirmed,new_updated_all_table,Highly trichome-expressed regulator of terpene biosynthetic genes; reduced in glandless isolated stem trichomes,SlSCL3,,,
SlSH,Solyc10g078990,Solyc10g078990,C2H2_ZFP,Broad_trichome_development,Sparse Hair regulator; interacts in trichome regulatory network; upregulated in glandless isolated stem trichomes,Solyc10g078990,General_trichome_development,medium_low,updated_all_marker_table,,C2H2_ZFP,Medium_low,Sparse Hair regulator; interacts in trichome regulatory network; upregulated in glandless isolated stem trichomes,Zocca et al. 2025,confirmed,new_updated_all_table,Sparse Hair regulator; interacts in trichome regulatory network; upregulated in glandless isolated stem trichomes,SlSH,,,
SlTHM1,Solyc08g081500,Solyc08g081500,R2R3-like_MYB,Type_II/VI_negative_context_marker,Restricts type II and VI trichome development in the review; target/context gene in auxin-related MYB regulation; not primary SlASR3 crosstalk candidate.,Solyc08g081500,Candidate_marker_uncategorized,medium,updated_all_marker_table,,R2R3-like_MYB,Medium,Restricts type II and VI trichome development in the review; target/context gene in auxin-related MYB regulation; not primary SlASR3 crosstalk candidate.,Zheng et al. 2025; Zhao et al. 2025 review,confirmed,new_updated_all_table,Restricts type II and VI trichome development in the review; target/context gene in auxin-related MYB regulation; not primary SlASR3 crosstalk candidate.,SlTHM1,,,
SlTIP4,Solyc08g066840,Solyc08g066840,development_regulator,Broad_trichome_development,Listed as characterized/structural regulatory trichome development gene; useful auxiliary marker,Solyc08g066840,General_trichome_development,low,updated_all_marker_table,,development_regulator,Low,Listed as characterized/structural regulatory trichome development gene; useful auxiliary marker,Galdon-Armero 2018,confirmed,new_updated_all_table,Listed as characterized/structural regulatory trichome development gene; useful auxiliary marker,SlTIP4,,,
SlTOE1B,Solyc04g049800,Solyc04g049800,AP2/ERF transcription factor,TOE/AP2-like gland-fate regulator; antagonizes GCR repression,Promotes gland formation by interacting with GCR1/2 and enhancing repression of GCR expression; linked to juvenile gland formation and acylsugar increase. || Connects miR156/SPL-miR172/TOE phase module to gland formation; test in epidermis/trichome developmental contexts.,Solyc04g049800,GCR_TOE_LFS_gland_fate_switch,high,literature_expansion,SlTOE1B; TOE1B canonical; Solyc04g049800,gland_fate_switch_panel,High,Promotes gland formation by interacting with GCR1/2 and enhancing repression of GCR expression; linked to juvenile gland formation and acylsugar increase. || Connects miR156/SPL-miR172/TOE phase module to gland formation; test in epidermis/trichome developmental contexts.,Chang et al. 2024 || Chang 2024 Nature; Mandal 2025 New Phytologist,confirmed_from_literature,literature_expanded,Promotes gland formation by interacting with GCR1/2 and enhancing repression of GCR expression; linked to juvenile gland formation and acylsugar increase. || Canonical working SlTOE1B row for gland-fate/phase-change panels.,,SlTOE1B,B,gland_fate_switch_panel; phase_change_ap2_spl_panel
SlTPL2,Solyc08g076030,Solyc08g076030,TOPLESS co-repressor,Co-repressor partner in GCR/TOE gland-fate switch,Interacts with SlTOE1B and GCR1/2; GCR1/2-TPL2 represses LFS; tpl2 knockout promotes gland formation in some trichomes. || Use as mechanistic support marker for GCR-mediated repression; likely low/broad expression.,Solyc08g076030,GCR_TOE_LFS_gland_fate_switch,medium,literature_expansion,SlTPL2,gland_fate_switch_panel,Medium,Interacts with SlTOE1B and GCR1/2; GCR1/2-TPL2 represses LFS; tpl2 knockout promotes gland formation in some trichomes. || Use as mechanistic support marker for GCR-mediated repression; likely low/broad expression.,Chang et al. 2024 || Chang 2024 Nature; Mandal 2025 New Phytologist,confirmed_from_literature,literature_expanded,Interacts with SlTOE1B and GCR1/2; GCR1/2-TPL2 represses LFS; tpl2 knockout promotes gland formation in some trichomes.,,,,gland_fate_switch_panel
SlTPS1,Solyc01g105850,Solyc01g105850,monoterpene_synthase,Type VI,Camphene/tricyclene synthase; reduced in glandless leaves and isolated stem trichomes,Solyc01g105850,Type_VI_like_metabolic,medium,updated_all_marker_table,,monoterpene_synthase,Medium,Camphene/tricyclene synthase; reduced in glandless leaves and isolated stem trichomes,Zocca et al. 2025,confirmed,new_updated_all_table,Camphene/tricyclene synthase; reduced in glandless leaves and isolated stem trichomes,SlTPS1,,,
SlTPS10,Solyc08g005670,Solyc08g005670,monoterpene_synthase,Type VI,Phellandrene-associated TPS; reduced in glandless leaves and isolated stem trichomes,Solyc08g005670,Type_VI_like_metabolic,medium_high,updated_all_marker_table,,monoterpene_synthase,Medium_high,Phellandrene-associated TPS; reduced in glandless leaves and isolated stem trichomes,Zocca et al. 2025,confirmed,new_updated_all_table,Phellandrene-associated TPS; reduced in glandless leaves and isolated stem trichomes,SlTPS10,,,
SlTPS12 version A,Solyc06g059930,Solyc06g059930,sesquiterpene_synthase,Type VI,Published ID conflict; keep as provisional and verify before strong claims. || ID-source chunk: Solyc06g059930 in Brand-Duran 2024 || Beta-caryophyllene/alpha-humulene synthase marker; regulated by SlMYC1; useful for leaf/stem type VI terpene-state contrast,Solyc06g059930 in Brand-Duran 2024; conflicts with TPS9 ID in Zocca 2025,Type_VI_like_metabolic,medium_high,updated_all_marker_table,,sesquiterpene_synthase,Medium_high,Beta-caryophyllene/alpha-humulene synthase marker; regulated by SlMYC1; useful for leaf/stem type VI terpene-state contrast,Xu et al. 2018; Brand-Duran 2024,conflict_check_required,new_updated_all_table,"Published ID conflict; keep as provisional and verify before strong claims. || ID-source chunk: Solyc06g059930 in Brand-Duran 2024 || Shared Solyc ID with other table rows: SlTPS12 version A, SlTPS9, SlTPS9 version A, TPS12. Treat aliases/conflicts cautiously.",SlTPS12,SlTPS12,A,
SlTPS16,Solyc07g008690,Solyc07g008690,sesquiterpene_synthase,Type VI,Sesquiterpene synthase reduced in glandless isolated stem trichomes,Solyc07g008690,Type_VI_like_metabolic,medium,updated_all_marker_table,,sesquiterpene_synthase,Medium,Sesquiterpene synthase reduced in glandless isolated stem trichomes,Zocca et al. 2025,confirmed,new_updated_all_table,Sesquiterpene synthase reduced in glandless isolated stem trichomes,SlTPS16,,,
SlTPS17,Solyc12g006570,Solyc12g006570,sesquiterpene_synthase,Type VI,Valencene/bisabolene synthase; reduced in glandless leaves and isolated stem trichomes; SlMYC1-responsive,Solyc12g006570,Type_VI_like_metabolic,medium,updated_all_marker_table,,sesquiterpene_synthase,Medium,Valencene/bisabolene synthase; reduced in glandless leaves and isolated stem trichomes; SlMYC1-responsive,Zocca et al. 2025; Xu et al. 2018,confirmed,new_updated_all_table,Valencene/bisabolene synthase; reduced in glandless leaves and isolated stem trichomes; SlMYC1-responsive,SlTPS17,,,
SlTPS18,Solyc08g005720,Solyc08g005720,terpene_synthase,Type VI,Mitochondrial terpene synthase; reduced in glandless leaves and isolated stem trichomes,Solyc08g005720,Type_VI_like_metabolic,medium,updated_all_marker_table,,terpene_synthase,Medium,Mitochondrial terpene synthase; reduced in glandless leaves and isolated stem trichomes,Zocca et al. 2025,confirmed,new_updated_all_table,Mitochondrial terpene synthase; reduced in glandless leaves and isolated stem trichomes,SlTPS18,,,
SlTPS20,Solyc08g005665,Solyc08g005665,monoterpene_synthase,Type VI,Type VI terpene marker; targeted in type-VI CRISPR-TSKO proof-of-concept; qRT-PCR marker in Brand-Duran,Solyc08g005665,Type_VI_like_metabolic,high,updated_all_marker_table,,monoterpene_synthase,High,Type VI terpene marker; targeted in type-VI CRISPR-TSKO proof-of-concept; qRT-PCR marker in Brand-Duran,Brand-Duran 2024; Xu et al. 2018,confirmed,new_updated_all_table,Type VI terpene marker; targeted in type-VI CRISPR-TSKO proof-of-concept; qRT-PCR marker in Brand-Duran,SlTPS20,,,
SlTPS21,Solyc08g005640,Solyc08g005640,terpene_synthase,Type VI,Plastidic terpene synthase; reduced in glandless isolated stem trichomes,Solyc08g005640,Type_VI_like_metabolic,medium,updated_all_marker_table,,terpene_synthase,Medium,Plastidic terpene synthase; reduced in glandless isolated stem trichomes,Zocca et al. 2025,confirmed,new_updated_all_table,"Plastidic terpene synthase; reduced in glandless isolated stem trichomes || Shared Solyc ID with other table rows: PHS1 / TPS20, SlTPS21. Treat aliases/conflicts cautiously.",SlTPS21,,,
SlTPS31,Solyc01g101170,Solyc01g101170,sesquiterpene_synthase,Type VI,Viridiflorene synthase; reduced in glandless isolated stem trichomes; SlMYC1-responsive,Solyc01g101170,Type_VI_like_metabolic,medium,updated_all_marker_table,,sesquiterpene_synthase,Medium,Viridiflorene synthase; reduced in glandless isolated stem trichomes; SlMYC1-responsive,Zocca et al. 2025; Xu et al. 2018,confirmed,new_updated_all_table,Viridiflorene synthase; reduced in glandless isolated stem trichomes; SlMYC1-responsive,SlTPS31,,,
SlTPS35,Solyc01g101210,Solyc01g101210,terpene_synthase,Type VI,Cytosolic terpene synthase; reduced in glandless isolated stem trichomes,Solyc01g101210,Type_VI_like_metabolic,medium_low,updated_all_marker_table,,terpene_synthase,Medium_low,Cytosolic terpene synthase; reduced in glandless isolated stem trichomes,Zocca et al. 2025,confirmed,new_updated_all_table,Cytosolic terpene synthase; reduced in glandless isolated stem trichomes,SlTPS35,,,
SlTPS39,Solyc10g005390,Solyc10g005390,monoterpene_synthase,Type VI,Linalool/nerolidol synthase; reduced in glandless leaves and isolated stem trichomes,Solyc10g005390,Type_VI_like_metabolic,medium,updated_all_marker_table,,monoterpene_synthase,Medium,Linalool/nerolidol synthase; reduced in glandless leaves and isolated stem trichomes,Zocca et al. 2025; Xu et al. 2018,confirmed,new_updated_all_table,Linalool/nerolidol synthase; reduced in glandless leaves and isolated stem trichomes,SlTPS39,,,
SlTPS41,Solyc08g005710,Solyc08g005710,terpene_synthase,Type VI,Mitochondrial terpene synthase; reduced in glandless leaves and isolated stem trichomes,Solyc08g005710,Type_VI_like_metabolic,medium,updated_all_marker_table,,terpene_synthase,Medium,Mitochondrial terpene synthase; reduced in glandless leaves and isolated stem trichomes,Zocca et al. 2025,confirmed,new_updated_all_table,Mitochondrial terpene synthase; reduced in glandless leaves and isolated stem trichomes,SlTPS41,,,
SlTPS46,Solyc03g006550,Solyc03g006550,terpene_synthase,Type VI,Putative geranyllinalool synthase; reduced in glandless leaves,Solyc03g006550,Type_VI_like_metabolic,medium_low,updated_all_marker_table,,terpene_synthase,Medium_low,Putative geranyllinalool synthase; reduced in glandless leaves,Zocca et al. 2025,confirmed,new_updated_all_table,Putative geranyllinalool synthase; reduced in glandless leaves,SlTPS46,,,
SlTPS5,Solyc01g105890,Solyc01g105890,monoterpene_synthase/promoter_marker,Type VI,Linalool synthase; type VI glandular trichome-specific expression/promoter; reduced in glandless isolated stem trichomes,Solyc01g105890,Type_VI_like_metabolic,high,updated_all_marker_table,,monoterpene_synthase/promoter_marker,High,Linalool synthase; type VI glandular trichome-specific expression/promoter; reduced in glandless isolated stem trichomes,Xu et al. 2018; Kortbeek et al. 2016; Zocca et al. 2025,confirmed,new_updated_all_table,Linalool synthase; type VI glandular trichome-specific expression/promoter; reduced in glandless isolated stem trichomes,SlTPS5,,,
SlTPS7,Solyc01g105920,Solyc01g105920,monoterpene_synthase,Type VI,Beta-myrcene/limonene synthase; reduced in glandless isolated stem trichomes,Solyc01g105920,Type_VI_like_metabolic,medium_low,updated_all_marker_table,,monoterpene_synthase,Medium_low,Beta-myrcene/limonene synthase; reduced in glandless isolated stem trichomes,Zocca et al. 2025,confirmed,new_updated_all_table,Beta-myrcene/limonene synthase; reduced in glandless isolated stem trichomes,SlTPS7,,,
SlTPS9,Solyc06g059930 in Zocca 2025; Solyc06g059885 in Brand-Duran 2024,Solyc06g059930,sesquiterpene_synthase/promoter_marker,Type VI,Type VI glandular trichome-specific TPS marker; reduced in glandless leaves and isolated stem trichomes,,Type_VI_like_support,high,marker_signature_table,,sesquiterpene_synthase/promoter_marker,High,Type VI glandular trichome-specific TPS marker; reduced in glandless leaves and isolated stem trichomes,Zocca et al. 2025; Xu et al. 2018; Brand-Duran 2024,conflict_check_required,new_from_marker_table,"reference: Zocca et al. 2025; Xu et al. 2018; Brand-Duran 2024 || id_status: conflict_check_required || Shared Solyc ID with other table rows: SlTPS12 version A, SlTPS9, SlTPS9 version A, TPS12. Treat aliases/conflicts cautiously.",SlTPS9,,,
SlTPS9 version A,Solyc06g059930,Solyc06g059930,sesquiterpene_synthase/promoter_marker,Type VI,Ambiguous/multiple ID row split into version A; original ID field: Solyc06g059930 in Zocca 2025; Solyc06g059885 in Brand-Duran 2024 || Published ID conflict; keep as provisional and verify before strong claims. || ID-source chunk: Solyc06g059930 in Zocca 2025 || Type VI glandular trichome-specific TPS marker; reduced in glandless leaves and isolated stem trichomes,Solyc06g059930 in Zocca 2025; Solyc06g059885 in Brand-Duran 2024,Type_VI_like_metabolic,high,updated_all_marker_table,,sesquiterpene_synthase/promoter_marker,High,Type VI glandular trichome-specific TPS marker; reduced in glandless leaves and isolated stem trichomes,Zocca et al. 2025; Xu et al. 2018; Brand-Duran 2024,conflict_check_required,new_updated_all_table,"Ambiguous/multiple ID row split into version A; original ID field: Solyc06g059930 in Zocca 2025; Solyc06g059885 in Brand-Duran 2024 || Published ID conflict; keep as provisional and verify before strong claims. || Shared Solyc ID with other table rows: SlTPS12 version A, SlTPS9, SlTPS9 version A, TPS12. Treat aliases/conflicts cautiously.",SlTPS9,SlTPS9,A,
SlTPS9 version B,Solyc06g059885,Solyc06g059885,sesquiterpene_synthase/promoter_marker,Type VI,Ambiguous/multiple ID row split into version B; original ID field: Solyc06g059930 in Zocca 2025; Solyc06g059885 in Brand-Duran 2024 || Published ID conflict; keep as provisional and verify before strong claims. || ID-source chunk: Solyc06g059885 in Brand-Duran 2024 || Type VI glandular trichome-specific TPS marker; reduced in glandless leaves and isolated stem trichomes,Solyc06g059930 in Zocca 2025; Solyc06g059885 in Brand-Duran 2024,Type_VI_like_metabolic,high,updated_all_marker_table,,sesquiterpene_synthase/promoter_marker,High,Type VI glandular trichome-specific TPS marker; reduced in glandless leaves and isolated stem trichomes,Zocca et al. 2025; Xu et al. 2018; Brand-Duran 2024,conflict_check_required,new_updated_all_table,"Ambiguous/multiple ID row split into version B; original ID field: Solyc06g059930 in Zocca 2025; Solyc06g059885 in Brand-Duran 2024 || Published ID conflict; keep as provisional and verify before strong claims. || Shared Solyc ID with other table rows: SlTPS9 version B, TPS9. Treat aliases/conflicts cautiously.",SlTPS9,SlTPS9,B,
SlTRY,Solyc01g095640,Solyc01g095640,R3_MYB_repressor,Broad_trichome_development,Listed as characterized trichome development gene; likely inhibitory/patterning control marker,Solyc01g095640,General_trichome_development,low,updated_all_marker_table,,R3_MYB_repressor,Low,Listed as characterized trichome development gene; likely inhibitory/patterning control marker,Galdon-Armero 2018,confirmed,new_updated_all_table,Listed as characterized trichome development gene; likely inhibitory/patterning control marker,SlTRY,,,
SlWOX3b,Solyc11g072790,Solyc11g072790,Trichome morphogenesis / Wo-BRC2a module,WOX3b trichome morphogenesis factor,Downstream of SlWO; promotes hairy/digitate trichome development; upregulated in glandless isolated stem trichomes || Wo downstream morphogenesis marker; useful for committed trichome developmental state.,Solyc11g072790,Wo_BRC2a_morphogenesis_panel,high,literature_expansion,SlWOX3b; WOX3b canonical; Solyc11g072790,wo_brc2a_morphogenesis_panel,High,Downstream of SlWO; promotes hairy/digitate trichome development; upregulated in glandless isolated stem trichomes || Wo downstream morphogenesis marker; useful for committed trichome developmental state.,Zocca et al. 2025 || Wu 2024 Developmental Cell; Tian 2020 atlas context,confirmed_from_literature,literature_expanded,Downstream of SlWO; promotes hairy/digitate trichome development; upregulated in glandless isolated stem trichomes,,SlWOX3b,A,wo_brc2a_morphogenesis_panel
SlWRKY33,Solyc09g014990,Solyc09g014990,WRKY Transcription Factor,Cross-talk between heat and biotic stress,,,,,curated_base,,,,,,,base_row,,,,,
SlWOX3b version B (verify),Solyc05g005180,Solyc05g005180,Trichome morphogenesis / Wo-BRC2a module,WOX3b trichome morphogenesis factor,Wo downstream morphogenesis marker; useful for committed trichome developmental state.,,Candidate_marker_uncategorized,low,literature_expansion,SlWox3B; Solyc05g005180,wo_brc2a_morphogenesis_panel,High,Wo downstream morphogenesis marker; useful for committed trichome developmental state.,Wu 2024 Developmental Cell; Tian 2020 atlas context,verify_id_from_previous_table,literature_expanded, || Retained as previous-table ambiguous version B; do not treat as canonical SlWOX3b without verification.,,SlWOX3b,B,
SlZFP6,Solyc09g092410,Solyc09g092410,C2H2 Zinc Finger Protein,Involved in trichome initiation,,,,,curated_base,,,,,,,base_row,,,,,
SlZFP8-like,Solyc10g008940,Solyc10g008940,C2H2 Zinc Finger Protein,Regulates trichome density,,,,,curated_base,,,,,,,base_row,,,,,
SlySBP10,Solyc05g015510,Solyc05g015510,SBP/SPL_transcription_factor,miR156_SPL_phase_change_trichome_timing,Tomato homolog candidate for the AtSPL2/10/11 branch; AtSPL10 is one of the miR156-targeted SPLs tested in Arabidopsis trichome repression assays and participates in adult vegetative phase regulation,Solyc05g015510,General_trichome_development,high,updated_all_marker_table,,SBP/SPL_transcription_factor,High,Tomato homolog candidate for the AtSPL2/10/11 branch; AtSPL10 is one of the miR156-targeted SPLs tested in Arabidopsis trichome repression assays and participates in adult vegetative phase regulation,Yu et al. 2010; Wu et al. 2009; Poethig and Fouracre 2024; Silva et al. 2014; Zhang et al. 2015,confirmed,new_updated_all_table,Tomato homolog candidate for the AtSPL2/10/11 branch; AtSPL10 is one of the miR156-targeted SPLs tested in Arabidopsis trichome repression assays and participates in adult vegetative phase regulation,SlySBP10,,,
SlySBP13,Solyc05g015840,Solyc05g015840,SBP/SPL_transcription_factor,miR156_SPL_phase_change_trichome_timing,Tomato candidate for the AtSPL6/SPL13 branch; AtSPL13 was one of the miR156-targeted SPLs tested in Arabidopsis stem trichome repression assays; good broader SPL phase-state marker,Solyc05g015840,General_trichome_development,medium_high,updated_all_marker_table,,SBP/SPL_transcription_factor,Medium_high,Tomato candidate for the AtSPL6/SPL13 branch; AtSPL13 was one of the miR156-targeted SPLs tested in Arabidopsis stem trichome repression assays; good broader SPL phase-state marker,Yu et al. 2010; Poethig and Fouracre 2024; Silva et al. 2014; Zhang et al. 2015,confirmed,new_updated_all_table,Tomato candidate for the AtSPL6/SPL13 branch; AtSPL13 was one of the miR156-targeted SPLs tested in Arabidopsis stem trichome repression assays; good broader SPL phase-state marker,SlySBP13,,,phase_change_ap2_spl_panel
SlySBP15,Solyc10g078700,Solyc10g078700,SBP/SPL_transcription_factor,miR156_SPL_phase_change_trichome_timing,Best tomato candidate for the Arabidopsis SPL9/SPL15 adult-phase module; AtSPL9 promotes adult vegetative traits and links miR156 decline to miR172/TCL1/TRY-mediated trichome timing; use as primary tomato SPL marker for phase-dependent trichome regulation,Solyc10g078700,General_trichome_development,high,updated_all_marker_table,,SBP/SPL_transcription_factor,High,Best tomato candidate for the Arabidopsis SPL9/SPL15 adult-phase module; AtSPL9 promotes adult vegetative traits and links miR156 decline to miR172/TCL1/TRY-mediated trichome timing; use as primary tomato SPL marker for phase-dependent trichome regulation,Yu et al. 2010; Wu et al. 2009; Poethig and Fouracre 2024; Silva et al. 2014; Zhang et al. 2015,confirmed,new_updated_all_table,Best tomato candidate for the Arabidopsis SPL9/SPL15 adult-phase module; AtSPL9 promotes adult vegetative traits and links miR156 decline to miR172/TCL1/TRY-mediated trichome timing; use as primary tomato SPL marker for phase-dependent trichome regulation,SlySBP15,,,phase_change_ap2_spl_panel
SlySBP2,Solyc04g045560,Solyc04g045560,SBP/SPL_transcription_factor,miR156_SPL_phase_change_trichome_timing,Second tomato candidate in the AtSPL2/10/11-like branch; useful together with SlySBP10 to test whether SPL10-like tomato genes correlate with epidermal/trichome phase state,Solyc04g045560,General_trichome_development,medium_high,updated_all_marker_table,,SBP/SPL_transcription_factor,Medium_high,Second tomato candidate in the AtSPL2/10/11-like branch; useful together with SlySBP10 to test whether SPL10-like tomato genes correlate with epidermal/trichome phase state,Yu et al. 2010; Wu et al. 2009; Poethig and Fouracre 2024; Silva et al. 2014; Zhang et al. 2015,confirmed,new_updated_all_table,Second tomato candidate in the AtSPL2/10/11-like branch; useful together with SlySBP10 to test whether SPL10-like tomato genes correlate with epidermal/trichome phase state,SlySBP2,,,
SlySBP3,Solyc10g009080,Solyc10g009080,SBP/SPL_transcription_factor,miR156_SPL_developmental_timing_context,Tomato SBP gene expressed in reproductive/meristematic tissues; include as secondary AtSPL3/4/5-like candidate only if expression supports relevance in epidermis or trichome datasets,Solyc10g009080,General_trichome_development,medium,updated_all_marker_table,,SBP/SPL_transcription_factor,Medium,Tomato SBP gene expressed in reproductive/meristematic tissues; include as secondary AtSPL3/4/5-like candidate only if expression supports relevance in epidermis or trichome datasets,Silva et al. 2014; Zhang et al. 2015; Poethig and Fouracre 2024,confirmed,new_updated_all_table,Tomato SBP gene expressed in reproductive/meristematic tissues; include as secondary AtSPL3/4/5-like candidate only if expression supports relevance in epidermis or trichome datasets,SlySBP3,,,phase_change_ap2_spl_panel
SlySBP4,Solyc07g053810,Solyc07g053810,SBP/SPL_transcription_factor,miR156_SPL_developmental_timing_context,Tomato SBP gene in the SPL3/4/5-like candidate set; lower priority for trichome work unless enriched in epidermis/trichome or heat/juvenility contrasts,Solyc07g053810,General_trichome_development,medium_low,updated_all_marker_table,,SBP/SPL_transcription_factor,Medium_low,Tomato SBP gene in the SPL3/4/5-like candidate set; lower priority for trichome work unless enriched in epidermis/trichome or heat/juvenility contrasts,Wu and Poethig 2006; Poethig and Fouracre 2024; Zhang et al. 2015,confirmed,new_updated_all_table,Tomato SBP gene in the SPL3/4/5-like candidate set; lower priority for trichome work unless enriched in epidermis/trichome or heat/juvenility contrasts,SlySBP4,,,
SlySBP6a,Solyc03g114850,Solyc03g114850,SBP/SPL_transcription_factor,miR156_SPL_context_marker,"Optional miR156/SBP context marker; AtSPL6 function in trichome timing is unclear, so this should not be prioritized unless tomato expression data supports it",Solyc03g114850,General_trichome_development,low,updated_all_marker_table,,SBP/SPL_transcription_factor,Low,"Optional miR156/SBP context marker; AtSPL6 function in trichome timing is unclear, so this should not be prioritized unless tomato expression data supports it",Poethig and Fouracre 2024; Silva et al. 2014; Zhang et al. 2015,confirmed,new_updated_all_table,"Optional miR156/SBP context marker; AtSPL6 function in trichome timing is unclear, so this should not be prioritized unless tomato expression data supports it",SlySBP6a,,,phase_change_ap2_spl_panel
SlySBP6b,Solyc05g012040,Solyc05g012040,SBP/SPL_transcription_factor,miR156_SPL_context_marker,Optional miR156/SBP context marker and tomato miR156/157 target; useful as background SPL-module readout but not a primary trichome candidate,Solyc05g012040,General_trichome_development,low,updated_all_marker_table,,SBP/SPL_transcription_factor,Low,Optional miR156/SBP context marker and tomato miR156/157 target; useful as background SPL-module readout but not a primary trichome candidate,Silva et al. 2014; Karlova et al. 2013; Zhang et al. 2015,confirmed,new_updated_all_table,Optional miR156/SBP context marker and tomato miR156/157 target; useful as background SPL-module readout but not a primary trichome candidate,SlySBP6b,,,phase_change_ap2_spl_panel
SlySBP6c,Solyc12g038520,Solyc12g038520,SBP/SPL_transcription_factor,miR156_SPL_context_marker,Optional SBP/SPL family context marker; include only for completeness or if expression data suggests epidermal/trichome relevance,Solyc12g038520,General_trichome_development,low,updated_all_marker_table,,SBP/SPL_transcription_factor,Low,Optional SBP/SPL family context marker; include only for completeness or if expression data suggests epidermal/trichome relevance,Poethig and Fouracre 2024; Zhang et al. 2015,confirmed,new_updated_all_table,Optional SBP/SPL family context marker; include only for completeness or if expression data suggests epidermal/trichome relevance,SlySBP6c,,,
TKN2,Solyc02g081120,Solyc02g081120,KNOTTED1-like homeobox,Affects leaf morphology and trichome patterning,,,,,curated_base,,,,,,,base_row,,,,,
TPS12,Solyc06g059930,Solyc06g059930,Terpene Synthase 12,Sesquiterpene biosynthesis,,,Type_VI_like_support,medium,curated_base + marker_signature_table,SlTPS12,sesquiterpene_synthase,Medium_high,Beta-caryophyllene/alpha-humulene synthase marker; regulated by SlMYC1; useful for leaf/stem type VI terpene-state contrast,Xu et al. 2018; Brand-Duran 2024,conflict_check_required,overlap_merged,"signature: Type VI || marker_category: sesquiterpene_synthase || priority: Medium_high || evidence: Beta-caryophyllene/alpha-humulene synthase marker; regulated by SlMYC1; useful for leaf/stem type VI terpene-state contrast || reference: Xu et al. 2018; Brand-Duran 2024 || id_status: conflict_check_required || Shared Solyc ID with other table rows: SlTPS12 version A, SlTPS9, SlTPS9 version A, TPS12. Treat aliases/conflicts cautiously.",,,,
TPS20,Solyc01g105950,Solyc01g105950,Terpene Synthase 20,Monoterpene biosynthesis (major in trichomes),,,,,curated_base,,,,,,,base_row,,,,,
TPS9,Solyc06g059885,Solyc06g059885,Terpene Synthase 9,Sesquiterpene biosynthesis,Curated literature-backed Solyc ID updated,Solyc01g105880,Type_VI_like_support,medium,curated_base,,,,,,,base_row,"Shared Solyc ID with other table rows: SlTPS9 version B, TPS9. Treat aliases/conflicts cautiously.",,,,
WOOLLY / Wo,Solyc02g080260,Solyc02g080260,Trichome morphogenesis / Wo-BRC2a module,HD-Zip IV master regulator of trichome initiation and morphogenesis,Wo dosage/gradient controls apical cell division and basal expansion in multicellular trichomes.,,Wo_BRC2a_morphogenesis_panel,high,literature_expansion,Woolly/SlWO || WOOLLY / Wo,wo_brc2a_morphogenesis_panel,High,"Master regulator of multiple trichome types including type VI; interacts with SlMYC1; useful developmental control marker, not type-specific || Wo dosage/gradient controls apical cell division and basal expansion in multicellular trichomes.",Zocca et al. 2025; Galdon-Armero 2018 || Wu 2024 Developmental Cell; Tian 2020 atlas context,confirmed_from_literature,literature_expanded,"signature: Broad_trichome_development || marker_category: HD-ZIP_IV_TF || priority: Medium || evidence: Master regulator of multiple trichome types including type VI; interacts with SlMYC1; useful developmental control marker, not type-specific || reference: Zocca et al. 2025; Galdon-Armero 2018 || id_status: confirmed || Shared Solyc ID with other table rows: WOOLLY / Wo, Woolly/SlWO. Treat aliases/conflicts cautiously.",,,,wo_brc2a_morphogenesis_panel
Woolly/SlWO,Solyc02g080260,Solyc02g080260,HD-ZIP_IV_TF,Broad_multicellular_trichome_development/type_IV_type_VI_context,"Master regulator of tomato trichome initiation, fate and morphogenesis; dosage controls DT versus PT fate; Wo gradient promotes apical cell division and basal expansion; Get02/Wo strongly increases type-IV trichomes.",Solyc02g080260,General_trichome_development,high,updated_all_marker_table,,HD-ZIP_IV_TF,High,"Master regulator of tomato trichome initiation, fate and morphogenesis; dosage controls DT versus PT fate; Wo gradient promotes apical cell division and basal expansion; Get02/Wo strongly increases type-IV trichomes.",Wu et al. 2023; Wu et al. 2024; Vendemiatti et al. 2024; Zocca et al. 2025; Galdon-Armero 2018,confirmed,new_updated_all_table,"Master regulator of tomato trichome initiation, fate and morphogenesis; dosage controls DT versus PT fate; Wo gradient promotes apical cell division and basal expansion; Get02/Wo strongly increases type-IV trichomes. || Shared Solyc ID with other table rows: WOOLLY / Wo, Woolly/SlWO. Treat aliases/conflicts cautiously.",Woolly/SlWO,,,wo_brc2a_morphogenesis_panel
SlLFS / LEAFLESS,Solyc05g013540,Solyc05g013540,AP2/ERF transcription factor,LEAFLESS; developmental-metabolic bridge regulating gland formation and acylsugar/flavonoid specialized metabolism,Canonical row added to avoid relying only on older version-A/version-B aliases.,,LFS_specialized_metabolism_regulator,high,literature_expansion,SlLFS; LEAFLESS; LFS; Solyc05g013540; SpLFS ortholog,LFS_specialized_metabolism_panel,High,"SpLFS VIGS reduced acylsugars and downregulated acylsugar/flavonoid genes; SlLFS ortholog connects leaf initiation, gland development and trichome specialized metabolism.",Mandal 2025 New Phytologist; Chang 2024; Tian 2020 atlas context,confirmed_from_literature,literature_expanded,Use as bridge gene: not simply mature trichome marker; inspect epidermis/incipient primordia/trichome states separately.,SlLFS / LEAFLESS,,,gland_fate_switch_panel; phase_change_ap2_spl_panel; lfs_specialized_metabolism_panel
SlTPL4,Solyc03g116750,Solyc03g116750,TOPLESS co-repressor,Potential co-repressor partner in GCR/TOE gland-fate switch,Added from Chang-style gland-fate model; verify ID and expression before strong claims.,,GCR_TOE_LFS_gland_fate_switch,low,literature_expansion,SlTPL4,gland_fate_switch_panel,Medium,Added from Chang-style gland-fate model; verify ID and expression before strong claims.,Chang 2024 Nature; Mandal 2025 New Phytologist,verify_id_from_literature,literature_expanded,,SlTPL4,,,gland_fate_switch_panel
LFS-target AAE1,Solyc07g043660,Solyc07g043660,Acyl-activating enzyme,LFS-regulated acylsugar candidate; Table 1 ortholog of Sopen07g023220,Downregulated in both SpLFS-VIGS and Sllfs shoot apex mutants; highly trichome-enriched.,,LFS_specialized_metabolism_target,medium,literature_expansion,LFS-target AAE1,lfs_specialized_metabolism_panel,Medium,Downregulated in both SpLFS-VIGS and Sllfs shoot apex mutants; highly trichome-enriched.,Mandal 2025 New Phytologist,confirmed_from_literature,literature_expanded,,LFS-target AAE1,,,lfs_specialized_metabolism_panel
LFS-target FAR,Solyc11g067170,Solyc11g067170,Fatty acyl-CoA reductase,LFS-regulated fatty-acid/acylsugar-related candidate,Downregulated in both SpLFS-VIGS and Sllfs mutants; highly trichome-enriched.,,LFS_specialized_metabolism_target,medium,literature_expansion,LFS-target FAR,lfs_specialized_metabolism_panel,Medium,Downregulated in both SpLFS-VIGS and Sllfs mutants; highly trichome-enriched.,Mandal 2025 New Phytologist,confirmed_from_literature,literature_expanded,,LFS-target FAR,,,lfs_specialized_metabolism_panel
LFS-target ABC2,Solyc12g100190,Solyc12g100190,ABC transporter,LFS-regulated specialized-metabolite transporter candidate,Downregulated in both SpLFS-VIGS and Sllfs mutants; trichome-enriched.,,LFS_specialized_metabolism_target,medium,literature_expansion,LFS-target ABC2,lfs_specialized_metabolism_panel,Medium,Downregulated in both SpLFS-VIGS and Sllfs mutants; trichome-enriched.,Mandal 2025 New Phytologist,confirmed_from_literature,literature_expanded,,LFS-target ABC2,,,lfs_specialized_metabolism_panel
LFS-target AAE2,Solyc02g082870,Solyc02g082870,Acyl-activating enzyme,LFS-regulated acyl-activating enzyme candidate,Promoter binding was tested for Sopen02g027670; Solyc02g082870 ortholog appears in Table 1.,,LFS_specialized_metabolism_target,medium,literature_expansion,LFS-target AAE2,lfs_specialized_metabolism_panel,Medium,Promoter binding was tested for Sopen02g027670; Solyc02g082870 ortholog appears in Table 1.,Mandal 2025 New Phytologist,confirmed_from_literature,literature_expanded,,LFS-target AAE2,,,lfs_specialized_metabolism_panel
LFS-target UGT,Solyc11g007480,Solyc11g007480,UDP-glucosyltransferase,LFS-regulated flavonoid/specialized-metabolism candidate,Table 1 candidate with high trichome enrichment.,,LFS_specialized_metabolism_target,medium,literature_expansion,LFS-target UGT,lfs_specialized_metabolism_panel,Medium,Table 1 candidate with high trichome enrichment.,Mandal 2025 New Phytologist,confirmed_from_literature,literature_expanded,,LFS-target UGT,,,lfs_specialized_metabolism_panel
LFS-target MYB-like,Solyc05g053330,Solyc05g053330,MYB-like DNA-binding protein,LFS-regulated MYB-like candidate,Table 1 gene; potential specialized-metabolism regulatory/context marker.,,LFS_specialized_metabolism_target,medium,literature_expansion,LFS-target MYB-like,lfs_specialized_metabolism_panel,Medium,Table 1 gene; potential specialized-metabolism regulatory/context marker.,Mandal 2025 New Phytologist,confirmed_from_literature,literature_expanded,,LFS-target MYB-like,,,lfs_specialized_metabolism_panel
LFS-target CHS,Solyc09g091510,Solyc09g091510,Chalcone/stilbene synthase,LFS-regulated flavonoid-pathway candidate,Table 1 gene; connects LFS to flavonoid metabolism.,,LFS_specialized_metabolism_target,medium,literature_expansion,LFS-target CHS,lfs_specialized_metabolism_panel,Medium,Table 1 gene; connects LFS to flavonoid metabolism.,Mandal 2025 New Phytologist,confirmed_from_literature,literature_expanded,,LFS-target CHS,,,lfs_specialized_metabolism_panel
LFS-target OMT/MOMT,Solyc06g083450,Solyc06g083450,O-methyltransferase,Methylated flavonol / myricetin O-methyltransferase-like candidate,Downregulated in SpLFS-VIGS; flavonoid metabolism component; high trichome enrichment in Table 1.,,LFS_specialized_metabolism_target,medium,literature_expansion,LFS-target OMT/MOMT,lfs_specialized_metabolism_panel,Medium,Downregulated in SpLFS-VIGS; flavonoid metabolism component; high trichome enrichment in Table 1.,Mandal 2025 New Phytologist,confirmed_from_literature,literature_expanded,,LFS-target OMT/MOMT,,,lfs_specialized_metabolism_panel
KAR1,Solyc05g009610,Solyc05g009610,Beta-ketoacyl-ACP reductase,Fatty acid synthase component linked to acylsugar metabolism,Downregulated in SpLFS-VIGS; SpLFS binds promoter of SpKAR1.,,LFS_specialized_metabolism_target,medium,literature_expansion,KAR1,lfs_specialized_metabolism_panel,Medium,Downregulated in SpLFS-VIGS; SpLFS binds promoter of SpKAR1.,Mandal 2025 New Phytologist,confirmed_from_literature,literature_expanded,,KAR1,,,lfs_specialized_metabolism_panel
KAS III,Solyc08g002520,Solyc08g002520,Beta-ketoacyl-ACP synthase III,Fatty acid synthase component linked to acylsugar metabolism,Downregulated in SpLFS-VIGS; supports acyl-chain biosynthesis branch.,,LFS_specialized_metabolism_target,medium,literature_expansion,KAS III,lfs_specialized_metabolism_panel,Medium,Downregulated in SpLFS-VIGS; supports acyl-chain biosynthesis branch.,Mandal 2025 New Phytologist,confirmed_from_literature,literature_expanded,,KAS III,,,lfs_specialized_metabolism_panel
KAS II/IV-like version A,Solyc12g004230,Solyc12g004230,Beta-ketoacyl-ACP synthase II/IV-like,Fatty acid synthase component linked to acylsugar metabolism,Sopen12g004230–Sopen12g004240 pair downregulated in SpLFS-VIGS; verify tomato ortholog/version.,,LFS_specialized_metabolism_target,medium,literature_expansion,KAS II/IV-like version A,lfs_specialized_metabolism_panel,Medium,Sopen12g004230–Sopen12g004240 pair downregulated in SpLFS-VIGS; verify tomato ortholog/version.,Mandal 2025 New Phytologist,confirmed_from_literature,literature_expanded,,KAS II/IV-like version A,,,lfs_specialized_metabolism_panel
KAS II/IV-like version B,Solyc12g004240,Solyc12g004240,Beta-ketoacyl-ACP synthase II/IV-like,Fatty acid synthase component linked to acylsugar metabolism,Sopen12g004230–Sopen12g004240 pair downregulated in SpLFS-VIGS; verify tomato ortholog/version.,,LFS_specialized_metabolism_target,medium,literature_expansion,KAS II/IV-like version B,lfs_specialized_metabolism_panel,Medium,Sopen12g004230–Sopen12g004240 pair downregulated in SpLFS-VIGS; verify tomato ortholog/version.,Mandal 2025 New Phytologist,confirmed_from_literature,literature_expanded,,KAS II/IV-like version B,,,lfs_specialized_metabolism_panel
SlSVB,Solyc01g100750,Solyc01g100750,epidermis/trichome developmental regulator,SMALLER TRICHOMES / SlSVB; atlas epidermis-trichome GRN node,Confirmed from Tian preprint figure as Solyc01g100750.2; previously appeared as an unannotated marker in trichome subclusters.,,atlas_epidermis_trichome_context,high,manual_Tian_preprint_rescue,SlSVB; SVB; SMALLER TRICHOMES,atlas_epidermis_trichome_context,High,Atlas epidermis/trichome GRN node; expression shown in Tian preprint figure.,Tian tomato shoot-apex atlas/preprint figure,confirmed_from_Tian_preprint_figure,manual_rescue,Use as developmental-context marker; not a mature trichome-type marker.,SlSVB,,,atlas_epidermis_context_panel; atlas_developmental_GRN_panel; wo_brc2a_morphogenesis_panel
SlCD2/ANL2,Solyc01g091630,Solyc01g091630,HD-ZIP IV / cuticle-epidermal regulator,Atlas trichome/cuticle subcluster marker; overlaps with CD2/ANL2,Same locus as CD2 row; canonical alias added.,,Atlas_epidermis_trichome_context,medium,literature_expansion,SlCD2/ANL2,atlas_epidermis_context_panel,Medium,Same locus as CD2 row; canonical alias added.,Tian 2020 tomato shoot apex snRNA-seq atlas,confirmed_from_literature,literature_expanded,,SlCD2/ANL2,,,atlas_epidermis_context_panel
SlPDF1,Solyc07g055950,Solyc07g055950,Protodermal factor / epidermal identity marker,Protodermal factor 1; epidermal/L1 marker,ITAG4.1 hit: Protodermal factor.1; reported as SlPDF1 / Solyc07g055950.,,atlas_epidermis_context,high,manual_literature_and_ITAG41_rescue,SlPDF1; PDF1; Protodermal factor 1,epidermal_identity_marker,High,Protodermal/epidermal identity marker and atlas epidermis trajectory/GRN context.,ITAG4.1 descriptions; tomato epidermal marker literature,confirmed_from_literature_and_ITAG41,manual_rescue,Use as epidermal/protoderm marker.,SlPDF1,,,atlas_epidermis_context_panel; atlas_developmental_GRN_panel
SlPDF2,Solyc06g035940,Solyc06g035940,HD-Zip IV / protodermal factor-like transcription factor,Putative Protodermal Factor 2; epidermal/protoderm context marker,"Provisional tomato PDF2 candidate; use as PDF2-like, not final canonical until confirmed with SGN or atlas supplementary table.",,atlas_epidermis_context,medium,manual_literature_search_rescue,SlPDF2; PDF2-like; Protodermal factor 2 candidate,epidermal_identity_marker,Medium,Putative protodermal factor 2 candidate; useful but provisional epidermal marker.,literature search / thesis table; verify later,putative_recovered_from_literature_search_verify,manual_rescue_provisional,Treat as PDF2-like candidate; do not use for strong claims without validation.,SlPDF2,,,atlas_epidermis_context_panel; atlas_developmental_GRN_panel
SlML1,Solyc10g005330,Solyc10g005330,HD-Zip IV / epidermal identity transcription factor,Meristem Layer 1; epidermal/L1 marker,Tomato L1/epidermal marker; reported as SlML1 / Solyc10g005330.,,atlas_epidermis_context,high,manual_literature_rescue,SlML1; ML1; Meristem Layer 1,epidermal_identity_marker,High,Epidermal/L1 identity context marker.,tomato periclinal chimera / epidermal marker literature,confirmed_from_literature,manual_rescue,Use to define epidermal/protoderm context.,SlML1,,,atlas_epidermis_context_panel; atlas_developmental_GRN_panel
SlANT,Solyc04g077490,Solyc04g077490,AP2/ERF transcription factor,AINTEGUMENTA-like developmental regulator; organ initiation / primordium growth context marker,Confirmed manually from SGN and atlas database; detected in atlas as Solyc04g077490.3.,,phase_change_developmental_context,high,manual_SGN_and_atlas_rescue,SlANT; ANT; AINTEGUMENTA,AP2_ERF_developmental_context,High,Developmental-context marker for organ initiation/primordium growth; not a trichome-type marker.,SGN and atlas database confirmation,confirmed_from_SGN_and_detected_in_atlas,manual_rescue,Include in epidermis/meristem developmental-context panels.,SlANT,,,atlas_epidermis_context_panel; phase_change_ap2_spl_panel; atlas_developmental_GRN_panel
SlySBP8a,Solyc10g018780,Solyc10g018780,SBP/SPL transcription factor,Squamosa promoter binding protein 8a; developmental SBP-box transcription factor,Found in SGN; relevant to SPL/SBP developmental timing and atlas SlSPL8 context.,,phase_change_developmental_context,high,manual_SGN_rescue,SlySBP8a; SlSPL8-like; SBP8a,SBP/SPL_transcription_factor,High,Relevant to miR156/SPL developmental timing and atlas SlSPL8 context.,SGN manual lookup,confirmed_from_SGN,manual_added,Use as SPL/SBP developmental-context marker; confirm whether atlas SlSPL8 corresponds exactly to this locus before final claims.,,,,phase_change_ap2_spl_panel; atlas_epidermis_context_panel; atlas_developmental_GRN_panel
NPDS1 / NDPS1 version C,Solyc08g005660,Solyc08g005660,cis-prenyltransferase / neryl diphosphate synthase,Neryl diphosphate synthase 1; glandular trichome-associated monoterpene precursor enzyme,Found in SGN as NPDS1. Keep separate from existing NDPS1/NDPS-like IDs Solyc08g005673 and Solyc08g005680; verify canonical locus before final interpretation.,,Type_VI_like_metabolic,medium,manual_SGN_rescue,NPDS1; NDPS1; neryl diphosphate synthase 1,VI_terpene_metabolic_output,Medium,SGN describes enzyme as glandular-trichome-associated neryl diphosphate synthase.,SGN manual lookup,confirmed_from_SGN_but_conflicts_with_existing_NDPS_rows,manual_added_versioned,Use cautiously; compare with NDPS1 rows before interpreting terpene metabolism.,,,,metabolic_output_panel; vi_metabolic_panel
